column,description
IndustryCodeC,[Industry Code C] - The Industry Classification Codes of the China Securities Regulatory Commission (2012 Edition).
RegisterLongitude,[Longitude of the Registered Address] - The longitude of the company's registered address.
RegisterLatitude,[Latitude of the Registered Address] - The latitude of the company's registered address.
A001101000,"[Monetary Funds] - The total amount of a company's cash on hand, bank settlement account deposits, out-of-town deposits, bank draft deposits, bank cashier's check deposits, credit card deposits, and letter of credit margin deposits. This item has been in use since 1990."
A0d1101101,[Among them: Customer Funds Deposits] - The amount of customer funds deposits of financial enterprises.
A0d1102000,[Settlement Reserve Funds] - Funds deposited by financial enterprises engaged in securities business into designated clearing agencies for the purpose of fund clearing and settlement of securities transactions.
A0d1102101,[Among them: Customer Reserve Funds] - Customer reserve funds obtained from securities brokerage business.
A0b1103000,[Cash and Deposits with the Central Bank] - The total amount of cash held by the enterprise and deposits with the central bank.
A0b1104000,[Deposits with Other Financial Institutions] - Funds deposited by the enterprise (bank) in domestic and foreign banks and non-bank financial institutions.
A0b1105000,"[Precious Metals] - The cost of gold, silver, and other precious metal inventories held by the enterprise (financial institution)."
A0f1106000,[Net Funds Lent] - Net funds lent is the difference between the funds lent by the enterprise (financial institution) to other domestic and foreign financial institutions and the related loan loss provision accounts.
A001107000,"[Trading Financial Assets] - Trading financial assets refer to the fair value of bond investments, stock investments, fund investments, and other trading financial assets held by the enterprise for trading purposes. Financial assets that the enterprise directly designates to be measured at fair value with changes in fair value recognized in profit or loss for the current period are also accounted for under this item. This item has been in use since 2007."
A0f1108000,"[Derivative Financial Assets] - The amount of derivative instruments, hedging instruments, and hedged items that are classified as derivative financial assets held by the enterprise."
A001109000,"[Net Short-Term Investments] - The difference between ""Short-Term Investments"" and ""Provision for Short-Term Investment Decline in Value"". Short-term investments are various investments purchased by the company that can be readily realized and are intended to be realized at any time, including stocks and bonds held for no more than one year (inclusive), as well as other investments with a holding period of no more than one year (inclusive). This item has been in use since 1998. Although it was discontinued in 2007 under the new accounting standards, it is retained in this database."
A001110000,"[Net Notes Receivable] - It is the difference between ""Notes Receivable"" and ""Allowance for Bad Debts"". Notes receivable are the notes received by the company that have not yet matured and have not been discounted with a bank, including commercial acceptance bills and bank acceptance bills. However, it does not include endorsed and transferred notes receivable. This item has been in use since 1991."
A001111000,"[Net Accounts Receivable] - It is the difference between ""Accounts Receivable"" and ""Allowance for Bad Debts"". Accounts receivable are amounts that the company should collect from the purchasing unit or the unit receiving services due to business such as selling goods, products, materials, providing services, and handling project settlements. This item has been in use since 2007."
A001127000,"[Receivables Financing] - An enterprise sells its accounts receivable to a bank or other financial institutions, but the bank or other financial institutions have the right of recourse. That is, if the accounts receivable cannot be collected, the bank or other financial institutions have the right to demand payment from the enterprise. This item has been in use since 2019."
A001112000,"[Net Prepayments] - It is the difference between the sum of the debit balances of ""Advance Payments"" and ""Accounts Payable"" minus the ""Allowance for Bad Debts"". Prepayments are amounts paid in advance by the enterprise to the supplier according to the purchase contract."
A0i1113000,"[Net Premiums Receivable] - It is the difference between ""Premiums Receivable"" and ""Allowance for Bad Debts"". Premiums receivable are the insurance premiums that financial enterprises should collect from policyholders but have not yet received."
A0i1114000,"[Net Reinsurance Receivables] - It is the difference between ""Reinsurance Receivables"" and ""Allowance for Bad Debts"". Reinsurance receivables are amounts that the enterprise (insurance company) should collect from engaging in reinsurance business."
A0i1115000,"[Net Subrogation Receivables] - It is the difference between ""Subrogation Receivables"" and ""Allowance for Bad Debts"". Subrogation receivables refer to the compensation that the insurer is entitled to claim from the third-party liable person after assuming the insurance liability and legally obtaining the right of subrogation from the insured."
A0i1116000,"[Net Reinsurance Contract Reserves Receivable] - It is the difference between ""Reinsurance Contract Reserves Receivable"" and ""Allowance for Bad Debts"". Reinsurance contract reserves receivable are the unearned premium reserves and insurance liability reserves that the enterprise (ceding reinsurer) recognizes as receivable from engaging in reinsurance business and should be recovered from the reinsurance acceptor. This item has been in use since 2007."
A0i1116101,[Among them: Net Unearned Premium Reserves Receivable from Reinsurance] - It belongs to the ceded unearned premiums and is an adjustment to the current period's ceded premiums.
A0i1116201,"[Among them: Net Outstanding Claims Reserves Receivable from Reinsurance] - It is the difference between ""Outstanding Claims Reserves Receivable from Reinsurance"" and ""Allowance for Bad Debts"". Outstanding claims reserves receivable from reinsurance are the reserves for outstanding claims that the enterprise should recover from the reinsurance acceptor, net of the accumulated impairment provisions, recognized in the course of reinsurance business."
A0i1116301,"[Among them: Net Life Insurance Reserves Receivable from Reinsurance] - It is the difference between ""Life Insurance Reserves Receivable from Reinsurance"" and ""Allowance for Bad Debts"". Life insurance reserves receivable from reinsurance are the life insurance reserves that the enterprise should recover from the reinsurance acceptor, net of the accumulated impairment provisions, recognized in the course of reinsurance business."
A0i1116401,"[Among them: Net Long-Term Health Insurance Reserves Receivable from Reinsurance] - It is the difference between ""Long-Term Health Insurance Reserves Receivable from Reinsurance"" and ""Allowance for Bad Debts"". Long-term health insurance reserves receivable from reinsurance are the long-term health insurance reserves that the enterprise should recover from the reinsurance acceptor, net of the accumulated impairment provisions, recognized in the course of reinsurance business."
A001119000,"[Net Interest Receivable] - It is the difference between ""Interest Receivable"" and ""Allowance for Bad Debts"". Interest receivable refers to the interest that the company should receive from debt investments. The interest receivable from bonds purchased with principal and interest repaid at maturity is not included in this item. This item has been in use since 1998."
A001120000,"[Net Dividends Receivable] - It is the difference between ""Dividends Receivable"" and ""Allowance for Bad Debts"". Dividends receivable are the cash dividends that the company should receive from equity investments. The profits receivable from other units by the company are also included in this item. This item has been in use since 1998."
A001121000,"[Net Other Receivables] - It is the difference between ""Other Receivables"" and ""Allowance for Bad Debts of Other Receivables"". Other receivables are various receivables and temporary payments of the enterprise, excluding margin deposits, financial assets purchased under resale agreements, notes receivable, accounts receivable, prepayments, dividends receivable, interest receivable, subrogation receivables, reinsurance receivables, reinsurance contract reserves receivable, long-term receivables, etc. This item has been in use since 2007."
A0f1122000,"[Net Financial Assets Purchased under Resale Agreements] - It is the difference between ""Financial Assets Purchased under Resale Agreements"" and ""Allowance for Bad Debts"". Financial assets purchased under resale agreements are the funds provided by the enterprise (financial institution) to purchase bills, securities, loans, etc. under an agreement to resell them at a fixed price. This item has been in use since 2007."
A001123000,"[Net Inventory] - It is the difference between ""Inventory"" and ""Provision for Inventory Decline in Value"". Inventory refers to the finished goods or merchandise held for sale in the ordinary course of business, work in progress, and materials or supplies consumed in the production process or in providing services. This item has been in use since 1990."
A001128000,"[Contract Assets] - It refers to the enterprise's right to receive consideration for the goods transferred to the customer, and this right depends on factors other than the passage of time. For example, if an enterprise sells two clearly distinguishable goods to a customer and is entitled to receive payment for one of the goods already delivered, but the receipt of this payment also depends on the delivery of the other good, the enterprise should classify this right to receive payment as contract assets. The enterprise's unconditional right (i.e., depending only on the passage of time) to receive consideration from the customer should be separately presented as accounts receivable. This item has been in use since 2018."
A001124000,[Non-Current Assets Due within One Year] - The book value of non-current assets that are due within one year held by the company. This item has been in use since 2007.
A0d1126000,[Margin Deposits] - Various margin deposits made or paid by the enterprise (financial institution) due to business requirements.
A001125000,[Other Current Assets] - Current assets that cannot be included in other current asset items. This item has been in use since 1990.
A001100000,[Total Current Assets] - The sum of all current asset items. Financial enterprises do not calculate this item. This item has been in use since 1990.
A0i1224000,"[Net Policyholder Pledged Loans] - It is the difference between ""Policyholder Pledged Loans"" and the related loan loss provision accounts."
A0i1225000,[Time Deposits] - It refers to the time deposits placed by insurance companies in financial institutions.
A0b1201000,"[Net Loans and Advances] - The amount of loans and discounted assets issued by the enterprise, net of the ending balance of loan loss provisions."
A001226000,"[Debt Investments] - Debt investments generally refer to bond investments. Bond investment is an investment approach where bond purchasers (investors, creditors) invest capital by buying bonds, and upon maturity, they receive fixed interest and reclaim the principal from the bond issuers (borrowers, debtors). The main investors in bonds include insurance companies, commercial banks, investment firms or investment banks, and various fund organizations. This item has been in use since 2019."
A001202000,"[Net Available-for-Sale Financial Assets] - Net available-for-sale financial assets are the difference between the available-for-sale financial assets and the net impairment provisions for available-for-sale financial assets. Available-for-sale financial assets are the fair value of financial assets that an enterprise holds and classifies as available for sale, including equity investments and bond investments categorized as such. This item has been in use since 2007."
A001227000,"[Other Debt Investments] - The company makes debt investments other than bonds, such as entrusted loans with a term exceeding one year (excluding one year). This item has been in use since 2019."
A001203000,"[Net Held-to-Maturity Investments] - Net held-to-maturity investments are the difference between held-to-maturity investments and the impairment provisions for held-to-maturity investments. Held-to-maturity investments refer to non-derivative financial assets with a fixed maturity date, fixed or determinable recovery amounts, and where the enterprise has a clear intention and ability to hold them until maturity. Generally, treasury bonds, corporate bonds, financial bonds, etc., that an enterprise holds and that have publicly quoted prices in active markets can be classified as held-to-maturity investments. This item has been in use since 2007."
A001204000,"[Net Long-Term Receivables] - Net long-term receivables are the difference among long-term receivables, the allowance for bad debts, and unrealized financing income. Long-term receivables are the enterprise's long-term receivable amounts, including receivables arising from finance leases, sales of goods and provision of services with financing nature on a deferred basis, etc. Long-term equity that essentially constitutes a net investment in the invested entity is also accounted for under this item. This item has been in use since 2007."
A001205000,"[Net Long-Term Equity Investments] - Net long-term equity investments are the difference between long-term equity investments and the impairment provisions for long-term equity investments. Since 2007, this item has been in use. Before 2007, long-term equity investments were defined as various equity investments that the company did not intend to liquidate within one year (including one year), including purchased stocks and other equity investments. After the new accounting standards in 2007, the original ""long-term equity investments"" were respectively accounted for in ""long-term equity investments"", ""available-for-sale financial assets"", and ""goodwill""."
A001228000,"[Investments in Other Equity Instruments] - This item is used to account for non-trading equity instrument investments designated by the enterprise to be measured at fair value with changes in fair value recognized in other comprehensive income. This item can be accounted for in detail according to the categories and types of other equity instrument investments, including ""cost"", ""interest adjustment"", and ""changes in fair value"". This item has been in use since 2018."
A001229000,[Other Non-Current Financial Assets] - Other non-current financial assets. This item has been in use since 2019.
A001206000,"[Net Long-Term Debt Investments] - Net long-term debt investments are the difference between long-term debt investments and the impairment provisions for long-term debt investments. These include various debt investments, such as bond investments, that the company does not plan to liquidate within one year (including one year). Although the item of long-term debt investments was cancelled after the new accounting standards in 2007, it is retained in this database."
A001207000,"[Net Long-Term Investments] - Net long-term investments are the difference between the total of all long-term investment items and the impairment provisions for long-term investments. Long-term investment items include long-term equity investments, long-term bond investments, and other long-term investments. This item has been in use since 1998. Although it was discontinued under the new accounting standards in 2007, it is retained in this database."
A0i1209000,[Capital Margin Deposits] - Capital margin deposits paid by enterprises (insurance companies) in accordance with the specified proportion.
A0i1210000,[Separate Account Assets] - The value of separate account assets recognized by enterprises (insurance companies) for the portion of investment-linked products that is not part of the risk protection and is accounted for separately.
A001211000,"[Net Investment Property] - Investment property refers to real estate held for the purpose of earning rental income or capital appreciation, or both, including leased land use rights, land use rights held for transfer after appreciation, and leased buildings. Net investment property is the difference between investment property, the impairment provisions for investment property, and the accumulated depreciation of investment property. This item has been in use since 2007."
A001212000,"[Net Fixed Assets] - Net fixed assets are the amount remaining after deducting accumulated depreciation and impairment provisions for fixed assets from the original cost of fixed assets. Fixed assets include the original cost of fixed assets held by the enterprise, the temporary facilities of construction contractors, and the software accompanying the purchase of computer hardware that is not priced separately, which are also accounted for under this item. Since 2000, this item has been in use. After the new accounting standards in 2007, fixed assets that meet the definition of ""investment property"" are accounted for under the ""Investment Property"" item."
A001213000,"[Net Construction in Progress] - The difference between ""Construction in Progress"" and the impairment provisions for construction in progress. Construction in Progress represents the actual expenditures of the company on various unfinished projects at the end of the period, including the land price for occupied land, preliminary preparation expenses, the value of equipment delivered for installation, materials consumed in unfinished construction and installation projects, basic construction management fees, the advance payment for outsourced projects, and the costs of construction and installation projects that have been completed but not yet put into use. This item has been in use since 2000."
A001214000,[Project Materials] - The actual cost of project materials that have not been used in various projects of the company. This item has been in use since 1997.
A001215000,"[Fixed Assets Disposal] - The net value of fixed assets that the company has transferred for disposal due to reasons such as sale, damage, or scrapping but have not yet been completely disposed of, as well as the difference between the disposal expenses and the proceeds from the disposal of these fixed assets during the disposal process. This item has been in use since 1992."
A001216000,"[Net Productive Biological Assets] - Net productive biological assets are the difference between productive biological assets and the impairment provisions for productive biological assets. Productive biological assets refer to biological assets held for the purpose of producing agricultural products, providing labor services, or leasing, including economic forests, fuelwood forests, productive livestock, and draft animals. This item has been in use since 2007."
A001217000,"[Net Oil and Gas Assets] - Net oil and gas assets are the difference between oil and gas assets and accumulated depletion. Oil and gas assets are the original cost of mining rights, oil and gas wells, and related facilities held by enterprises (engaged in oil and gas extraction)."
A001230000,[Right-of-Use Assets] - The right of the lessee to use the leased assets during the lease term. This item has been in use since 2019.
A001218000,"[Net Intangible Assets] - Net intangible assets are the amount remaining after deducting amortization and impairment provisions from the original cost of various intangible assets of the company. The company's intangible assets include patent rights, non-patented technologies, trademark rights, copyrights, and land use rights. This item has been in use since 2000. After the new accounting standards in 2007, the original intangible assets are accounted for separately under ""Intangible Assets,"" ""Goodwill,"" and ""Investment Property""."
A0d1218101,[Among them: Recoverable Amount of Trading Seat Fees] - The recoverable amount of trading seat fees paid by securities companies.
A001219000,[Development Expenditures] - The portion that has been capitalized during the development process but has not yet been converted into intangible assets. This item has been in use since 2007.
A001220000,[Net Goodwill] - Net goodwill is the difference between goodwill and the impairment provisions for goodwill. Goodwill is the value of goodwill formed in business combinations. This item has been in use since 2007.
A001221000,"[Long-Term Deferred Expenses] - Various expenses of the company that have not yet been amortized, with an amortization period of more than one year (excluding one year) excluding organization expenses, such as expenditures on the improvement of leased fixed assets, major repair expenditures, and other deferred expenses with an amortization period of more than one year (excluding one year). This item has been in use since 1998."
A001222000,[Deferred Tax Assets] - Deferred tax assets recognized by the enterprise arising from deductible temporary differences. This item has been in use since 2007.
A0F1224000,"[Agency Business Assets] - Mainly used to account for the assets formed from agency business where the enterprise does not assume risks, including securities investments and entrusted loans carried out through entrusted wealth management business."
A001223000,[Other Non-Current Assets] - The total of non-current assets of the enterprise other than the above-mentioned non-current assets. This item has been in use since 2007.
A001200000,[Total Non-Current Assets] - The total of the above-mentioned non-current assets. Financial enterprises do not calculate this item. This item has been in use since 2007.
A0f1300000,[Other Assets] - Other assets disclosed by financial enterprises.
A001000000,[Total Assets] - The total of all asset items. This item has been in use since 1990.
A002101000,[Short-Term Borrowings] - Borrowings by the company that have not yet been repaid and have a term of one year or less (including one year).
A0d2101101,[Among them: Pledged Borrowings] - Refers to the amount of financing obtained by securities companies from banks through the method of pledging.
A0b2102000,"[Borrowings from the Central Bank] - Banks borrow temporary working capital loans, seasonal loans, annual loans, and special loans approved due to special needs from the central bank."
A0b2103000,[Customer Deposits and Interbank Deposits] - Customer deposits absorbed by the bank or funds deposited in the bank by other financial institutions.
A0b2103101,[Among them: Deposits from Other Banks and Financial Institutions] - Clearing funds deposited in the bank by other banks or financial institutions due to daily settlement transactions.
A0b2103201,[Among them: Customer Deposits] - Various deposits absorbed by enterprises (banks) other than interbank deposits.
A0f2104000,[Interbank Borrowed Funds] - Funds borrowed by financial enterprises from financial institutions.
A002105000,[Trading Financial Liabilities] - The fair value of trading financial liabilities assumed by the enterprise. Financial liabilities that the enterprise directly designates to be measured at fair value and whose changes are recognized in the current profit or loss are also accounted for under this item. This item has been in use since 2007.
A0f2106000,"[Derivative Financial Liabilities] - The amount of derivative instruments, hedging instruments, and hedged items that are classified as derivative financial liabilities held by the enterprise."
A002107000,"[Notes Payable] - Notes payable issued by the company to offset payment for goods and other expenses that have not yet reached the payment due date, including bank acceptance bills and commercial acceptance bills. This item has been in use since 1991."
A002108000,"[Accounts Payable] - Amounts payable by the company to suppliers for the purchase of raw materials, goods, or the acceptance of labor services. This item has been in use since 1990."
A002109000,[Advance Receipts] - Amounts received in advance by the company from purchasing units in accordance with the purchase contract. This item has been in use since 1990.
A002128000,"[Contract Liabilities] - Refers to the obligation of the enterprise to transfer goods to customers for which it has already received or is entitled to receive consideration from customers. Before transferring goods to customers, if the customer has already paid the contract consideration or the enterprise has obtained the unconditional right to receive the contract consideration, the enterprise should present the received or receivable amount as contract liabilities at the earlier of the actual payment date by the customer or the due payment date. This item has been in use since 2018."
A0f2110000,"[Proceeds from Sale and Repurchase of Financial Assets] - Funds raised by enterprises (financial institutions) through selling and then repurchasing bills, securities, loans, and other financial assets at a fixed price in accordance with the repurchase agreement. This item has been in use since 2007."
A0i2111000,[Commissions and Fees Payable] - Commissions and fees that insurance enterprises should pay due to business transactions.
A002112000,"[Employee Remuneration Payable] - Various remunerations that enterprises should pay to employees in accordance with relevant regulations. Detailed accounting can be carried out for items such as ""Salaries"", ""Employee Benefits"", ""Social Insurance Premiums"", ""Housing Provident Fund"", ""Union Funds"", ""Employee Education Funds"", ""Non-monetary Benefits"", ""Termination Benefits"", and ""Share-based Payments"". This item has been in use since 2007."
A002113000,"[Taxes and Levies Payable] - Various taxes and levies that enterprises should pay calculated in accordance with tax laws and regulations, including value-added tax, consumption tax, business tax, income tax, resource tax, land appreciation tax, urban maintenance and construction tax, property tax, land use tax, vehicle and vessel use tax, education surcharge, mineral resources compensation fees, etc. Personal income tax withheld and paid on behalf of employees is also accounted for under this item. This item has been in use since 2007."
A002114000,"[Interest Payable] - Used to account for the interest accrued periodically by enterprises on long-term borrowings, bonds payable, and other long-term liabilities for which interest is paid periodically and the principal is repaid upon maturity. Note: This item has been in use since 2002 and is used by some enterprises."
A002115000,[Dividends Payable] - Cash dividends that have been determined for distribution by the resolution of the company's board of directors or shareholders' meeting but have not yet been paid. This item has been in use since 1991.
A0i2116000,[Claims Payable] - Claim amounts that insurance enterprises should pay but have not yet paid.
A0i2117000,[Policy Dividends Payable] - Policy dividends that enterprises (insurance companies) should pay but have not yet paid to policyholders as agreed in the original insurance contracts.
A0i2118000,"[Policyholder Deposits and Investment Funds] - Deposits received by enterprises (insurance companies) from policyholders where the principal appreciation of the deposits is regarded as premium income, and investment funds received from policyholders for investment-oriented insurance business."
A0i2119000,"[Insurance Contract Reserves] - Insurance contract reserves include unearned premium reserves, outstanding claims reserves, life insurance reserves, and long-term health insurance reserves."
A0i2119101,[Among them: Unearned Premium Reserves] - Unearned premium reserves refer to the reserves set aside by the insurer for non-life insurance liabilities that have not yet terminated.
A0i2119201,[Among them: Outstanding Claims Reserves] - Outstanding claims reserves refer to the reserves set aside by the insurer for non-life insurance claims that have occurred but have not yet been settled.
A0i2119301,[Among them: Life Insurance Reserves] - Life insurance reserves refer to the reserves set aside by the insurer for life insurance liabilities that have not yet terminated.
A0i2119401,[Among them: Long-Term Health Insurance Reserves] - Long-term health insurance reserves refer to the reserves set aside by the insurer for long-term health insurance liabilities that have not yet terminated.
A002120000,"[Other Payables] - Various payable and temporarily received amounts of the enterprise other than notes payable, accounts payable, advance receipts, employee remuneration payable, interest payable, dividends payable, taxes and levies payable, long-term payables, etc. This item has been in use since 1990."
A0i2121000,[Reinsurance Payables] - Amounts payable but not yet paid by enterprises (insurance companies) engaged in reinsurance business. This item has been in use since 2007.
A0d2122000,"[Agency Securities Trading Funds] - Funds received by enterprises (securities firms) from clients when acting on behalf of the clients to buy and sell negotiable securities such as stocks, bonds, and funds. This item has been in use since 2007."
A0d2123000,"[Agency Underwriting Securities Funds] - The underwriting funds payable to the securities issuers, which are formed when enterprises (financial institutions) accept the entrustment to underwrite securities through the methods of firm commitment underwriting or consignment underwriting. This item has been in use since 2007."
A0i2124000,[Advance Premiums] - Premiums received by enterprises (insurance companies) that do not meet the criteria for premium income recognition yet.
A002125000,[Non-Current Liabilities Due within One Year] - The book value of non-current liabilities that are due within one year. This item has been in use since 2007.
A002126000,[Other Current Liabilities] - Current liabilities that cannot be classified into other specific current liability items.
A002127000,"[Deferred Income - Current Liabilities] - Deferred income refers to the income or gains that are yet to be recognized, or in other words, the temporarily unrecognized income. This item has been in use since 2015."
A002100000,[Total Current Liabilities] - The total of all current liability items. This item has been in use since 1990.
A002201000,[Long-Term Borrowings] - Various borrowings with a term of more than one year (excluding one year) that the company borrows from banks or other financial institutions. This item has been in use since 1990.
A0d2202000,[Separate Account Liabilities] - Separate account liabilities recognized by enterprises (insurance companies) for the portion of investment-linked products that is not part of the risk protection and is accounted for separately.
A002203000,"[Bonds Payable] - The principal and interest of bonds issued by the enterprise to raise (long-term) funds. For convertible corporate bonds issued by the enterprise, the liability and equity components should be separated, and the liability component formed after separation is accounted for under this item."
A002211000,[Lease Liabilities] - The present value of lease payments that have not been paid yet. This item has been in use since 2019.
A002204000,"[Long-Term Payables] - Various long-term payables of the company other than long-term borrowings and bonds payable, including the 价款 for the introduction of foreign equipment under the compensation trade method and the lease fees for fixed assets leased through financing leases. This item has been in use since 1991."
A002205000,"[Special Payables] - Payables formed when the company undertakes special construction tasks, such as payables for three specific science and technology expenses. Note: This item has been in use since 2000 and is a reserve item."
A002206000,[Total Long-Term Liabilities] - The total of all long-term liability items. The calculation formula is: Total Long-Term Liabilities = Long-Term Borrowings + Separate Account Liabilities + Bonds Payable + Lease Liabilities + Long-Term Payables + Special Payables.
A002207000,"[Provisions] - Various contingent liabilities estimated by the company, such as estimated pending litigation expenses. Before 2007, it belonged to current liabilities, and after 2007, it belongs to non-current liabilities. Note: This item has been in use since 2000."
A0F2210000,"[Agency Business Liabilities] - Funds received from agency business where the company does not assume risks, including entrusted investment funds and entrusted loan funds."
A002208000,[Deferred Tax Liabilities] - Income tax liabilities recognized by the enterprise arising from taxable temporary differences. This item has been in use since 2007.
A002209000,[Other Non-Current Liabilities] - The total of non-current liabilities other than the above-mentioned non-current liabilities. This item has been in use since 2007.
A002210000,"[Deferred Income - Non-Current Liabilities] - Deferred income refers to the income or gains that are yet to be recognized, or in other words, the temporarily unrecognized income. This item has been in use since 2015."
A002200000,[Total Non-Current Liabilities] - The total of all non-current liabilities. This item has been in use since 2007.
A0f2300000,[Other Liabilities] - Other liabilities disclosed by financial institutions.
A002000000,[Total Liabilities] - The total of all liability items. This item has been in use since 1990.
A003101000,[Paid-In Capital (or Share Capital)] - The difference between the total amount of share capital invested by shareholders into the company according to the company's articles of association and the repaid investments.
A003112000,[Other Equity Instruments] - Account for various financial instruments issued by the enterprise that are classified as equity instruments other than common shares. Detailed accounting should be carried out according to the types of financial instruments issued. This item has been in use since 2015.
A003112101,"[Among them: Preferred Shares] - Preferred shares are relative to common shares, mainly referring to the fact that in terms of the rights to profit distribution and residual property distribution, they have priority over common shares. This item has been in use since 2015."
A003112201,"[Among them: Perpetual Bonds] - Perpetual bonds mean that the borrower does not stipulate a maturity date, and the holder cannot demand repayment of the principal but can receive interest on a regular basis. This item has been in use since 2015."
A003112301,[Among them: Others] - Other contents that cannot be classified into other equity instruments. This item has been in use since 2015.
A003102000,"[Capital Surplus] - The ending balance of the company's capital surplus. It includes share premium, statutory property revaluation increment, transfer of housing provident fund, the value of donated assets, investment reserve, etc. This item has been in use since 1990."
A003102101,"[Among them: Treasury Shares] - The amount of the company's own shares that have been acquired, transferred, or cancelled. This item has been in use since 2007."
A003103000,"[Surplus Reserve] - Reserve funds extracted from profits in accordance with relevant national regulations. It includes statutory surplus reserve, discretionary surplus reserve, and public welfare fund, which are extracted at a certain percentage of the post-tax profit after deducting the losses of previous years (if any). This item has been in use since 1991."
A0f3104000,[General Risk Reserve] - General risk reserve that enterprises (financial institutions) extract from the net profit as required.
A003105000,[Undistributed Profits] - Profits of the company that have not been distributed yet. This item has been in use since 1990.
A003106000,[Foreign Currency Translation Differences] - The differences in currency conversion resulting from different functional currencies.
A003107000,"[Add: Unrecognized Investment Losses] - For long-term investment items accounted for using the equity method when preparing consolidated financial statements, when the owner's equity of the invested enterprise is negative, it represents the share of the negative owner's equity of the invested enterprise that the company undertakes. This item has been in use since 1997 and was discontinued in 2007. Losses are filled in with a ""-"" sign."
A0F3108000,"[Trading Risk Reserve] - Trading risk reserve that securities companies extract from the annual post-tax profit, which is used to make up for the losses in securities trading. This item has been in use since 2007."
A0F3109000,"[Special Reserve] - Special reserve is used to account for expenses with similar nature, such as safety production expenses and costs for maintaining simple reproduction, which are extracted by enterprises in high-risk industries as required. This item has been in use since 2000."
A003111000,"[Other Comprehensive Income] - The net amount of various gains and losses that enterprises do not recognize in profit or loss according to the accounting standards for enterprises, after deducting the impact of income tax. This item has been in use since 2015."
A003100000,[Total Equity Attributable to the Owners of the Parent Company] - The equity attributable to the owners of the parent company in the consolidated financial statements. This item has been in use since 2007.
A003200000,[Minority Interests] - The share of the owner's equity of the subsidiary that is owned by other investors except the parent company. Note: This item has been in use since 1991.
A003000000,[Total Owners' Equity] - The total of all items of shareholders' equity. This item has been in use since 1990.
A004000000,[Total Liabilities and Owners' Equity] - The total of all items of liabilities and shareholders' equity. This item has been in use since 1990.
B001100000,[Total Operating Revenue] - The sum of all revenues during the enterprise's operation process. The calculation formula is: Total Operating Revenue = Operating Revenue + Net Interest Income + Earned Premiums + Net Fees and Commissions Income + Other Business Income.
B001101000,[Operating Revenue] - Operating revenue recognized during the enterprise's operation process.
Bbd1102000,[Net Interest Income] - The difference between the interest income recognized by the enterprise and the interest expense incurred.
Bbd1102101,"[Interest Income] - Interest income recognized by enterprises (financial institutions), including interest income from various loans issued (syndicated loans, trade financing, funds lent through discount and rediscount, agreed overdrafts, credit card overdrafts, relending, advances, etc.), fund transactions with other financial institutions (central bank, interbank, etc.), and interest income realized from financial assets purchased under resale agreements, etc."
Bbd1102203,"[Interest Expense] - Interest expense incurred by enterprises (financial institutions), including interest expense from various deposits absorbed (corporate deposits, personal deposits, credit card deposits, special deposits, relending funds, etc.), fund transactions with other financial institutions (central bank, interbank, etc.), and interest expense generated from financial assets sold under repurchase agreements, etc."
B0i1103000,"[Earned Premiums] - It reflects the balance after subtracting the amounts of the ""Reinsurance Premiums"" and ""Unearned Premium Reserves Withdrawn"" items from the amount of the ""Insurance Business Income"" item."
B0i1103101,[Insurance Business Income] - It reflects the original premium income and reinsurance premium income recognized by the enterprise from engaging in insurance business.
B0i1103111,[Among them: Reinsurance Premium Income] - It reflects the income recognized by the enterprise from engaging in reinsurance business.
B0i1103203,[Less: Reinsurance Premiums] - It reflects the premiums ceded by the enterprise from engaging in reinsurance business.
B0i1103303,[Less: Unearned Premium Reserves Withdrawn] - Unearned premium reserves of non-life original insurance contracts and reinsurance contracts that are withdrawn by the enterprise (insurance company).
B0d1104000,[Net Fees and Commissions Income] - The difference between the fees and commissions income recognized by the enterprise and the various fees and commissions expenses incurred.
B0d1104101,[Among them: Net Income from Agency Securities Trading Business] - The difference between the income and expenses of the agency securities trading business of securities companies.
B0d1104201,[Among them: Net Income from Securities Underwriting Business] - The difference between the income and expenses of the securities underwriting business of securities companies.
B0d1104301,[Among them: Net Income from Entrusted Client Asset Management Business] - The difference between the income and expenses of the entrusted client asset management business of securities companies.
B0d1104401,"[Fees and Commissions Income] - Fees and commissions income recognized by the enterprise (financial institution), including fees and commissions obtained from agency services such as settlement business, consulting business, guarantee business, and custody business, as well as from handling entrusted loans and investment business."
B0d1104501,[Fees and Commissions Expenses] - Various fees and commissions expenses incurred by the enterprise (financial institution) related to its business activities.
B0f1105000,[Other Business Income] - Income recognized from other business operations of the enterprise.
B001200000,"[Total Operating Costs] - The sum of all costs during the enterprise's operation process. Before June 30, 2019, the calculation formula was: Total Operating Costs = Operating Cost + Surrender Value + Net Claims Expenses + Net Increase in Insurance Liability Reserves + Policyholder Dividends + Reinsurance Expenses - Less: Reinsurance Expenses Recovered + Taxes and Surcharges + Business and Management Fees + Insurance Business Fees and Commissions Expenses + Selling Expenses + Administrative Expenses + Financial Expenses + R&D Expenses + Other Operating Costs + Asset Impairment Losses + Credit Impairment Losses. After June 30, 2019 (including June 30, 2019), the calculation formula was: Total Operating Costs = Operating Cost + Surrender Value + Net Claims Expenses + Net Increase in Insurance Liability Reserves + Policyholder Dividends + Reinsurance Expenses - Less: Reinsurance Expenses Recovered + Taxes and Surcharges + Business and Management Fees + Insurance Business Fees and Commissions Expenses + Selling Expenses + Administrative Expenses + Financial Expenses + R&D Expenses + Other Operating Costs. The data on January 1, 2019, was based on the beginning-of-period data on December 31, 2019, so the calculation formula conforms to that after June 30, 2019."
B001201000,[Operating Cost] - Operating cost recognized by the enterprise.
B0i1202000,[Surrender Value] - The cash value of the policy that the enterprise (insurance company) should return to the policyholder when the original life insurance contract is terminated early as agreed.
B0i1203000,"[Net Claims Expenses] - It reflects the balance after subtracting the amount of the ""Reinsurance Claims Expense Recovered"" item from the amount of the ""Claims Expenses"" item."
B0i1203101,[Claims Expenses] - Claim payments made by the enterprise (insurance company) for original insurance contracts and reinsurance contracts.
B0i1203203,[Less: Reinsurance Claims Expense Recovered] - The claim costs recovered by the enterprise (ceding reinsurer) from the reinsurance acceptor.
B0i1204000,"[Net Increase in Insurance Liability Reserves] - It reflects the balance after subtracting the amount of the ""Reinsurance Insurance Liability Reserves Recovered"" item from the amount of the ""Increase in Insurance Liability Reserves"" item."
B0i1204101,"[Increase in Insurance Liability Reserves] - It reflects the insurance liability reserves withdrawn by the enterprise, including outstanding claims reserves, life insurance reserves, and long-term health insurance reserves."
B0i1204203,[Less: Reinsurance Insurance Liability Reserves Recovered] - The insurance liability reserves that the enterprise (ceding reinsurer) should recover from the reinsurance acceptor when engaging in reinsurance business.
B0i1205000,[Policyholder Dividends] - Dividends paid by the enterprise (insurance company) to the policyholders as agreed in the original insurance contracts.
B0i1206000,[Reinsurance Expenses] - Reinsurance expenses paid by the enterprise (reinsurance acceptor) to the ceding reinsurer.
B001207000,"[Taxes and Surcharges] - Relevant taxes and fees such as business tax, consumption tax, urban maintenance and construction tax, resource tax, and education surcharge incurred in the enterprise's business activities. After the new accounting standards in 2007, the item ""Main Business Taxes and Surcharges"" was cancelled, and ""Business Taxes and Surcharges"" was used instead. According to the provisions of Document CaiKuai [2016] No. 22, after the full implementation of the ""Replacement of Business Tax with Value-Added Tax"", the name of the ""Business Taxes and Surcharges"" account was adjusted to the ""Taxes and Surcharges"" account."
B0f1208000,"[Business and Management Fees] - Various expenses incurred by the enterprise (financial institution) in the process of business operation and management, including electronic equipment operation fees, security prevention fees, property management fees, etc."
B0i1208103,[Less: Reinsurance Expenses Recovered] - It reflects the reinsurance expenses recovered by the enterprise from the reinsurance acceptor when engaging in reinsurance ceding business.
B0I1214000,[Insurance Business Fees and Commissions Expenses] - It reflects the fees and commissions expenses incurred by the enterprise when engaging in insurance business.
B001209000,"[Selling Expenses] - Expenses incurred during the process of the company's goods sales, including transportation fees, loading and unloading fees, packaging fees, insurance fees, exhibition fees, and advertising fees."
B001210000,"[Administrative Expenses] - Administrative expenses incurred by the enterprise for organizing and managing its production and operation. After the new accounting standards in 2007, the asset impairment losses originally included in administrative expenses were accounted for in the ""Asset Impairment Losses"" account."
B001216000,[R&D Expenses] - R&D expenses refer to the expenditures on research and development costs. This item has been in use since 2018.
B001211000,"[Financial Expenses] - Expenses incurred by the company for raising funds required for production and operation, including interest expenses (less interest income), exchange losses (less exchange gains), and related fees."
B001211101,[Among them: Interest Expenses (Financial Expenses)] - The funds occupancy fees paid by the enterprise for debt financing in production and operation. This item has been in use since 2018.
B001211203,"[Among them: Interest Income (Financial Expenses)] - Income obtained by the enterprise from providing funds to others for use that does not constitute equity investment, or from others' occupancy of the enterprise's funds, including income such as deposit interest, loan interest, bond interest, and arrears interest. This item has been in use since 2018."
B001305000,[Other Income] - It is used to account for government subsidies related to the enterprise's daily activities that are not suitable to be recognized as revenue or to offset cost expenses. This item has been in use since 2017.
B001302000,"[Investment Income] - Income obtained by the company from external investments in various ways. After the new accounting standards in 2007, the asset impairment losses originally included in investment income were accounted for in the ""Asset Impairment Losses"" account. This item has been in use since 1991."
B001302101,[Among them: Investment Income from Associates and Joint Ventures] - The investment income of the company from associates and joint ventures in the current period.
B001302201,[Among them: Gains or Losses on Derecognition of Financial Assets Measured at Amortized Cost] - It reflects the gains or losses generated by the enterprise due to the derecognition of financial assets measured at amortized cost caused by situations such as transfer. This item has been in use since 2019.
B001303000,[Exchange Gains] - Exchange gains generated by the enterprise (financial institution) from foreign currency transactions due to exchange rate fluctuations.
B001306000,[Net Gains on Hedging] - It reflects the amount transferred to current profit or loss from the cumulative fair value changes of hedged items under net exposure hedging or the amount transferred from cash flow hedge reserves to current profit or loss. This item has been in use since 2019.
B001301000,"[Gains or Losses from Changes in Fair Value] - Gains or losses that should be included in current profit or loss formed by the changes in fair value of the enterprise's trading financial assets, trading financial liabilities, investment property measured at fair value, derivative instruments, hedging business, etc."
B001212000,[Asset Impairment Losses] - Losses formed by the enterprise when making provisions for impairment of various assets.
B001307000,"[Credit Impairment Losses] - Losses suffered by the enterprise due to reasons such as the purchaser's refusal to pay, bankruptcy, or death, resulting in uncollectible amounts. This item has been in use since 2019."
B001308000,"[Gains or Losses on Disposal of Assets] - It reflects the disposal gains or losses recognized when the enterprise sells non-current assets (excluding financial instruments, long-term equity investments, and investment property) or disposal groups classified as held for sale, as well as the disposal gains or losses generated from the disposal of fixed assets, construction in progress, productive biological assets, and intangible assets that are not classified as held for sale. Gains or losses from the disposal of non-current assets in debt restructuring and gains or losses from non-monetary asset exchanges are also included in this item. This item has been in use since 2017."
B0f1213000,[Other Operating Costs] - Costs incurred in other business operations of the enterprise.
B001304000,"[Other Operating Profits] - Profits obtained from other sales or other business activities of the company except for the main business, after deducting other operating costs, expenses, and taxes. This item was in use from 1990 to 2007."
B001300000,"[Operating Profit] - Profit related to business operations. Before June 30, 2019, the calculation formula was: operating profit=total operating revenue - total operating costs+fair value change income+investment income+exchange rate income+other business profits+other income+net exposure hedging income+asset disposal income. The calculation formula after June 30, 2019 is: operating profit=total operating revenue - total operating costs+fair value change income+investment income+exchange rate income+other business profits+other income+net exposure hedging income+asset disposal income+asset impairment loss+credit impairment loss. Among them, the data for January 1, 2019 is extracted from the initial data of December 31, 2019, so the calculation formula conforms to the calculation formula after June 30, 2019."
B001400000,"[Add: Non-Operating Income] - This account is used to record various non-operating incomes of the enterprise, mainly including gains from the disposal of non-current assets, gains from non-monetary asset exchanges, gains from debt restructuring, government subsidies, inventory profits, and donation gains, etc. This item has been in use since 1990."
B001400101,[Among them: Gains from the Disposal of Non-Current Assets] - Including gains from the disposal of fixed assets and gains from the sale of intangible assets. This item has been in use since 2015.
B001500000,"[Less: Non-Operating Expenses] - Various non-operating expenses incurred by the enterprise, including losses from the disposal of non-current assets, losses from non-monetary asset exchanges, losses from debt restructuring, public welfare donation expenditures, extraordinary losses, and inventory shortages losses, etc. Since 2007, according to the new accounting standards, the asset impairment losses originally included in non-operating expenses are accounted for in the ""Asset Impairment Losses"" account. This item has been in use since 1990."
B001500101,[Among them: Net Profits or Losses from the Disposal of Non-Current Assets] - The total net profits or losses generated from the disposal of non-current assets within the year. This item has been in use since 2007. The calculation formula is: Net Profits or Losses from the Disposal of Non-Current Assets = Gains from the Disposal of Non-Current Assets - Losses from the Disposal of Non-Current Assets.
B001500201,[Among them: Losses from the Disposal of Non-Current Assets] - Including losses from the disposal of fixed assets and losses from the sale of intangible assets. This item has been in use since 2015.
B001000000,[Total Profit] - The total profit realized by the company. This item has been in use since 1990. The calculation formula is: Total Profit = Operating Profit + Non-Operating Income - Non-Operating Expenses.
B002100000,[Less: Income Tax Expense] - The income tax expense recognized by the enterprise that should be deducted from the current total profit.
B002200000,"[Unrecognized Investment Losses] - In the case of accounting for long-term investment projects using the equity method, when preparing consolidated financial statements, if the owner's equity of the invested enterprise is negative, the share of the negative owner's equity that the company should bear. This item was in use from 1998 to 2007."
B002300000,[Other Items Affecting Net Profit] - Other items that have an impact on net profit.
B002000000,"[Net Profit] - The net profit achieved by the company. Note: This item has been in use since 1990, and some companies did not have this item before 1994."
B002000101,[Net Profit Attributable to Owners of the Parent Company] - The net profit in the consolidated financial statements that is attributable to the owners of the parent company. This item has been in use since 2007.
B002000301,"[Net Profit Attributable to Holders of Other Equity Instruments of the Parent Company] - The net profit generated from the issuance of other equity instruments such as cumulative preferred shares by subsidiaries of the parent company, which is attributable to the holders of these instruments. This item has been in use since 2018."
B002000201,"[Minority Interests in Profit or Loss] - The profit or loss that should be enjoyed or shared by minority shareholders, calculated based on the proportion of the company's equity held by minority shareholders in the annual profit and loss of the subsidiary. This item has been in use since 1991."
B003000000,[Basic Earnings per Share] - An enterprise should calculate the basic earnings per share by dividing the current period's net profit attributable to common shareholders by the weighted average number of common shares outstanding. This item has been in use since 2007.
B004000000,"[Diluted Earnings per Share] - If an enterprise has dilutive potential common shares, it should adjust the current period's net profit attributable to common shareholders and the weighted average number of common shares outstanding respectively, and calculate the diluted earnings per share based on the adjusted figures. This item has been in use since 2007."
B005000000,"[Other Comprehensive Income (Loss)] - The net amount of various gains and losses that are not recognized in profit or loss as stipulated by the accounting standards for enterprises, after deducting the impact of income tax. This item has been in use since 2009."
B006000000,[Total Comprehensive Income] - Comprehensive income refers to all kinds of income excluding the capital contributions from owners and various amounts collected on behalf of third parties or customers. This item has been in use since 2009.
B006000101,[Comprehensive Income Attributable to Owners of the Parent Company] - The portion of the total comprehensive income that is attributable to the owners of the parent company. This item has been in use since 2009.
B006000103,[Total Comprehensive Income Attributable to Holders of Other Equity Instruments of the Parent Company] - The portion of the total comprehensive income that is attributable to the holders of other equity instruments of the parent company.
B006000102,[Comprehensive Income Attributable to Minority Shareholders] - The profit distribution occupied by minority shareholders in the comprehensive profit and loss according to their equity proportion. This item has been in use since 2009.
C001001000,"[Cash Received from the Sale of Goods and the Provision of Services] - The cash actually received by the company from the sale of goods (including the sale of goods, products, and materials, the same below) and the provision of services, including the cash received in the current period from the sale of goods and the provision of services, the cash received in the current period from the sale of goods and the provision of services in the previous period, and the advances received in the current period, minus the cash paid for the return of goods sold in the current period and the return of goods sold in the previous period but returned in the current period."
C0b1002000,[Net Increase in Customer Deposits and Interbank Deposits] - The net increase in various deposits absorbed in the current period from domestic and foreign financial institutions and other deposits excluding non-interbank deposits. This item has been in use since 2007.
C0F1023000,[Net Decrease in Deposits with the Central Bank and Interbank Deposits] - The net decrease in the amounts deposited with the central bank and domestic and foreign financial institutions in the current period. This item has been in use since 2007.
C0b1003000,[Net Increase in Borrowings from the Central Bank] - The net increase in the amounts borrowed from the central bank in the current period. This item has been in use since 2007.
C0b1004000,"[Net Increase in Funds Borrowed from Other Financial Institutions] - The net amount of cash obtained from borrowing funds from domestic and foreign financial institutions in the current period, minus the cash paid for lending funds to domestic and foreign financial institutions. This item has been in use since 2007."
C0i1005000,"[Cash Received from Premiums of Original Insurance Contracts] - It reflects the cash received by the insurance company from the premiums of original insurance contracts in the current period. It includes the original insurance premium income received in the current period, the previous period's receivable original insurance premiums received in the current period, the advance original insurance premiums received in the current period, and the original insurance premiums collected on behalf of other enterprises in the current period, minus the cash paid for the refund of premiums due to the early termination of insurance contracts in the current period. This item has been in use since 2007."
C0i1006000,[Net Cash Received from Reinsurance Business] - The actual amount received from reinsurers or reinsurance acceptors in the current period for reinsurance business. This item has been in use since 2007.
C0i1007000,"[Net Increase in Policyholder Deposits and Investment Funds] - The actual increase in the deposits received from policyholders in the current period, where the rent interest is recognized as premium income, and the investment principal of investment-type insurance business. This item has been in use since 2007."
C0d1008000,[Net Increase in Cash from the Disposal of Trading Financial Assets] - The net increase in cash obtained by securities companies from the self-trading of trading financial assets in the current period. This item has been used in consolidated financial statements since the new accounting standards in 2007. This item has been in use since 2007.
C0f1009000,"[Cash Received from Interest, Fees, and Commissions] - The amount of interest, fees, and commissions received in the current period. This item has been in use since 2007."
C0d1010000,[Net Increase in Borrowed Funds] - The net increase in the cash obtained from borrowing funds from domestic and foreign financial institutions in the current period. This item has been in use since 2007.
C0d1011000,"[Net Increase in Funds from Repurchase Transactions] - The net amount of cash raised by selling financial assets such as bills, securities, and loans under repurchase agreements in the current period, minus the cash paid for purchasing and then reselling these financial assets at a fixed price to the buyer as agreed in the resale agreement. This item has been in use since 2007."
C0F1024000,[Net Decrease in Lent Funds] - The net decrease in the amounts lent to domestic and foreign financial institutions in the current period. This item has been in use since 2007.
C0F1025000,[Net Decrease in Payments for Financial Assets Purchased under Resale Agreements] - The net decrease in the amounts paid by the enterprise for purchasing and then reselling financial assets at a fixed price as agreed in the resale agreement in the current period.
C001012000,"[Tax Refunds Received] - It reflects various tax refunds received by the enterprise, such as value-added tax refunds, business tax refunds, income tax refunds, consumption tax refunds, customs duty refunds, and education surcharge refunds."
C001013000,"[Other Cash Received Related to Operating Activities] - Other cash received by the company related to operating activities, excluding the above items, such as cash income from donations, fines, and compensation for losses of current assets by individuals. If there are items with relatively large amounts among the other cash received related to operating activities, they should be reflected as separate items."
C001100000,[Subtotal of Cash Inflows from Operating Activities] - The subtotal of cash inflows from operating activities.
C001014000,"[Cash Paid for the Purchase of Goods and the Acceptance of Services] - The cash actually paid by the company for the purchase of goods and the acceptance of services, including the cash paid in the current period for the purchase of goods and the acceptance of services, the unpaid amounts for the purchase of goods and the acceptance of services in the previous period paid in the current period, the advance payments made in the current period, and the value-added tax paid for the purchase of goods or the acceptance of services provided by small-scale taxpayers. The cash received from the return of purchased goods in the current period (excluding the value-added tax refunded for the return of goods purchased from general taxpayers) should be deducted from this item."
C0b1015000,"[Net Increase in Customer Loans and Advances] - The net increase in various customer loans issued in the current period, as well as the amounts for handling commercial bill discounting, rediscounting, and other business operations such as lending and borrowing funds. This item has been in use since 2007."
C0F1026000,[Net Decrease in Borrowings from the Central Bank] - The net decrease in the amounts borrowed from the central bank in the current period. This item has been in use since 2007.
C0b1016000,[Net Increase in Deposits with the Central Bank and Interbank Deposits] - The net increase in the amounts deposited with the central bank and domestic and foreign financial institutions in the current period. This item has been in use since 2007.
C0i1017000,[Cash Paid for Claim Payments of Original Insurance Contracts] - It reflects the cash actually paid by the insurance company for the claim payments of original insurance contracts in the current period. This item has been in use since 2007.
C0f1018000,"[Cash Paid for Interest, Fees, and Commissions] - The cash actually paid for interest, fees, and commissions outflows in the current period. This item has been in use since 2007."
C0F1027000,[Net Cash Paid for Reinsurance Business] - The actual amount paid to reinsurers or reinsurance acceptors for reinsurance business in the current period. This item has been in use since 2007.
C0F1028000,"[Net Decrease in Policyholder Deposits and Investment Funds] - The actual decrease in the deposits received from policyholders, where the rent interest is recognized as premium income, and the investment principal of investment-type insurance business in the current period. This item has been in use since 2007."
C0F1029000,[Net Increase in Lent Funds] - The net increase in the amounts lent to domestic and foreign financial institutions in the current period. This item has been in use since 2007.
C0F1030000,[Net Increase in Payments for Financial Assets Purchased under Resale Agreements] - The net increase in the amounts paid by the enterprise for purchasing and then reselling financial assets at a fixed price as agreed in the resale agreement in the current period.
C0F1031000,[Net Decrease in Borrowed Funds] - The net decrease in the cash obtained from borrowing funds from domestic and foreign financial institutions in the current period. This item has been in use since 2007.
C0F1032000,"[Net Decrease in Funds Raised from Selling Financial Assets under Repurchase Agreements] - The net decrease in the funds raised by the enterprise (financial institution) from selling financial assets such as bills, securities, and loans under repurchase agreements in the current period."
C0i1019000,[Cash Paid for Policyholder Dividends] - Cash actually paid to policyholders by enterprises (insurance companies) as stipulated in the original insurance contracts. This item has been in use since 2007.
C001020000,"[Cash Paid to Employees and on Behalf of Employees] - Cash actually paid to employees and for employees by the company, including salaries, bonuses, various allowances and subsidies actually paid to employees in the current period, as well as expenses for endowment insurance, unemployment insurance, supplementary endowment insurance, housing provident fund, housing hardship subsidies for employees, and expenses for retired personnel. It does not include the salaries paid to personnel working on construction in progress projects."
C001021000,"[Various Taxes and Fees Paid] - Various taxes and fees incurred and paid by the enterprise in the current period, taxes and fees paid in the current period that were incurred in previous periods, and prepaid taxes and fees such as education surcharge, mineral resources compensation fees, stamp duty, property tax, land appreciation tax, vehicle and vessel use tax, and prepaid business tax. Excluded are taxes and fees included in the value of fixed assets, actual paid cultivated land occupation tax, and value-added tax and income tax refunded in the current period."
C001022000,"[Other Cash Payments Related to Operating Activities] - Other cash payments related to operating activities made by the company, excluding the above items, such as cash donations, fines, travel expenses, cash expenditures for business entertainment, insurance premiums, power expenses, sewage disposal fees, pension contributions, maintenance and repair costs, research and development expenses, rental expenses, and other expenses. If there are items with relatively large amounts among other cash payments related to operating activities, they should be separately listed for reflection."
C001200000,[Subtotal of Cash Outflows from Operating Activities] - Subtotal of cash outflows from operating activities.
C001000000,[Net Cash Flow from Operating Activities] - The difference between cash inflows and cash outflows generated from operating activities.
C002001000,"[Cash Received from the Recovery of Investments] - It reflects the cash received by the enterprise from selling, transferring, or recovering upon maturity of trading assets, held-to-maturity investments, available-for-sale financial assets, long-term equity investments, and investment real estate, excluding cash equivalents. It does not include the interest recovered from debt investments, recovered non-cash assets, interest recovered from debt investments, and the net cash received from the disposal of subsidiaries and other business units."
C002002000,"[Cash Received from Investment Income] - Cash dividends and interest obtained by the enterprise from equity investments and debt investments, as well as cash received from the distribution of profits from subsidiaries, associated enterprises, and joint ventures. Note: This item is a combination of the items ""Cash Received from Dividends or Profits"" and ""Cash Received from Bond Interest Income"" in the years before 2000."
C002003000,"[Net Cash Received from the Disposal of Fixed Assets, Intangible Assets, and Other Long-Term Assets] - It reflects the net amount of cash obtained by the enterprise from selling fixed assets, intangible assets, and other long-term assets, after deducting the relevant expenses paid for the disposal of these assets. If the net cash received from the disposal of fixed assets, intangible assets, and other long-term assets is negative, it should be reflected in the item ""Other Cash Payments Related to Investing Activities""."
C002004000,[Net Cash Received from Disposal of Subsidiaries and Other Business Units] - Net cash received from disposing of subsidiaries and other business units during the current period.
C002005000,"[Cash Received Related to Other Investing Activities] - Cash received related to other investing activities, apart from the items listed above. If there are significant amounts, they should be separately listed."
C002100000,[Subtotal of Cash Inflows from Investing Activities] - null
C002006000,"[Cash Paid for Acquisition of Fixed Assets, Intangible Assets, and Other Long-Term Assets] - Cash paid for acquiring and constructing fixed assets, intangible assets, and other long-term assets. It excludes the capitalized borrowing costs for acquiring fixed assets and the lease payments for financing leases. The borrowing costs and lease payments for financing leases are separately reflected in the cash flow from financing activities. When a company acquires fixed assets by installment payment, the cash paid for the initial payment is regarded as the cash outflow of investing activities, and the cash paid in subsequent periods is regarded as the cash outflow of financing activities."
C002007000,"[Cash Paid for Investments] - Cash paid for equity and debt investments, including the cash paid for acquiring trading financial assets, held-to-maturity investments, available-for-sale financial assets (excluding cash equivalents), as well as related additional fees such as commissions and service charges."
C0i2008000,"[Net Increase in Pledged Loans] - Net increase in policyholder pledged loans issued during the current period. Since 2007, it has been in use."
C002009000,[Net Cash Paid for Acquisition of Subsidiaries and Other Business Units] - Net cash paid for purchasing subsidiaries and other business units during the current period.（原翻译 “购买和处置” 不准确，这里强调的是购买支付的现金）
C002010000,"[Cash Paid Related to Other Investing Activities] - Cash paid related to other investing activities, apart from the items listed above. If there are significant amounts, they should be separately listed."
C002200000,[Subtotal of Cash Outflows from Investing Activities] - null
C002000000,[Net Cash Flow from Investing Activities] - The difference between cash inflows and cash outflows from investing activities.
C003008000,"[Cash Received from Equity Financing] - Net cash received from raising funds through issuing shares, bonds, and other financing methods. It excludes audit, consulting, and other fees directly paid by the enterprise for raising funds through such means."
C003001000,"[Cash Received from Equity Investments] - Net cash received from raising funds by issuing shares, which is the net amount after deducting issuance fees such as commissions from the issuing revenue."
C003001101,[Of Which: Cash Received from Minority Shareholders' Investments in Subsidiaries] - Net cash received from minority shareholders' investments in subsidiaries in the consolidated financial statements.
C003003000,[Cash Received from Issuing Bonds] - Cash received from raising funds by issuing bonds.
C003002000,[Cash Received from Borrowings] - Funds borrowed by the company from banks or other financial institutions.
C003004000,"[Cash Received Related to Other Financing Activities] - Cash received related to other financing activities, apart from the items listed above. If there are significant amounts, they should be separately listed."
C003100000,[Subtotal of Cash Inflows from Financing Activities] - null
C003005000,"[Cash Paid for Repaying Debts] - Cash paid for repaying the principal of debts, including the principal of borrowings from banks or other financial institutions and bond principal repayments. The interest on borrowings and bonds repaid by the company is not included in this item and is reflected in the item ""Cash Paid for Paying Interest""."
C003006000,"[Cash Paid for Distributing Dividends, Profits, or Paying Interest] - Cash actually paid for distributing cash dividends, paying profits to other investment entities, or paying interest on borrowings and bonds."
C003006101,[Of Which: Dividends and Profits Paid to Minority Shareholders] - Dividends and profits paid to minority shareholders by subsidiaries in the consolidated financial statements.
C003007000,"[Cash Paid Related to Other Financing Activities] - Cash paid related to other financing activities, apart from the items listed above. If there are significant amounts, they should be separately listed."
C003200000,[Subtotal of Cash Outflows from Financing Activities] - null
C003000000,[Net Cash Flow from Financing Activities] - The difference between cash inflows and cash outflows from financing activities.
C004000000,[Effect of Exchange Rate Changes on Cash and Cash Equivalents] - The difference between the amount of foreign currency cash flows converted into RMB at the exchange rate on the date of the cash flow or the average exchange rate and the amount of net foreign currency cash converted into RMB at the exchange rate at the end of the period.
C007000000,[Other Effects on Cash] - Other accounts that affect cash.
C005000000,[Net Increase in Cash and Cash Equivalents] - Net increase in cash and cash equivalents during the accounting period.
C005001000,"[Cash and Cash Equivalents at Beginning of Period] - Balance of cash and cash equivalents at the beginning of the period. Since 2007, it has been in use."
C006000000,"[Cash and Cash Equivalents at End of Period] - Balance of cash and cash equivalents at the end of the period. Since 2007, it has been in use."
D000101000,[Net Profit] - Net profit realized by the enterprise during the current period.
D000118000,"[Credit Impairment Losses] - Losses incurred by the enterprise due to reasons such as the purchaser's refusal to pay, bankruptcy, or death, resulting in uncollectible receivables. Since 2019, it has been in use."
D000117000,"[Unrecognized Investment Losses] - In the case of accounting for long-term investments using the equity method, when preparing consolidated financial statements, if the owner's equity of the investee is negative, the share of the negative owner's equity that the company should bear. It was used from 1998 to 2007."
D000102000,[Asset Impairment Provision] - Asset impairment provisions recognized by the enterprise during the current period.
D000103000,"[Depreciation of Fixed Assets, Depletion of Oil and Gas Assets, and Depreciation of Productive Biological Assets] - Depreciation of fixed assets, depletion of oil and gas assets, and depreciation of productive biological assets recognized by the enterprise during the current period. Since 2007, it has been in use."
D000104000,[Amortization of Intangible Assets] - Value of intangible assets amortized and charged to cost expenses during the current period.
D000105000,[Amortization of Long-Term Deferred Expenses] - Long-term deferred expenses amortized and charged to cost expenses during the current period.
D000106000,"[Loss on Disposal of Fixed Assets, Intangible Assets, and Other Long-Term Assets] - Net loss (if it is a gain, fill it with a ""-"" sign) from disposing of fixed assets, intangible assets, and other long-term assets during the current period."
D000107000,"[Loss from Scrapping Fixed Assets] - Net loss (if it is a gain, fill it with a ""-"" sign) after inventory shortages (minus inventory surpluses) of fixed assets during the current period."
D000108000,"[Loss from Changes in Fair Value] - Gains or losses from changes in the fair value of financial assets, financial liabilities, and investment property measured at fair value. Since 2007, it has been in use."
D000109000,"[Financial Expenses (if it is income, fill it with a ""-"" sign)] - Financial expenses incurred by the enterprise during the current period that should be attributed to investment or financing activities."
D000110000,"[Investment Loss (if it is a gain, fill it with a ""-"" sign)] - Net investment loss (calculated as losses minus gains) incurred by the enterprise during the current period."
D000111000,"[Decrease in Deferred Tax Assets (if it is an increase, fill it with a ""-"" sign)] - The difference between the beginning and ending balances of the ""Deferred Tax Assets"" item on the balance sheet. Since 2007, it has been in use."
D000112000,"[Increase in Deferred Tax Liabilities (if it is a decrease, fill it with a ""-"" sign)] - The difference between the beginning and ending balances of the ""Deferred Tax Liabilities"" item on the balance sheet. Since 2007, it has been in use."
D000113000,"[Decrease in Inventory (if it is an increase, fill it with a ""-"" sign)] - The decrease (minus the increase) in inventory during the current period."
D000114000,"[Decrease in Operating Receivables (if it is an increase, fill it with a ""-"" sign)] - The decrease (minus the increase) in operating receivables during the current period, including accounts receivable, notes receivable, the part of other receivables related to operating activities, and value-added tax output tax receivables."
D000115000,"[Increase in Operating Payables (if it is a decrease, fill it with a ""-"" sign)] - The increase (minus the decrease) in operating payables during the current period, including accounts payable, notes payable, welfare payables, taxes payable, the part of other payables related to operating activities, and value-added tax input tax payables."
D000116000,[Other] - Other items that need to be adjusted.
D000100000,[Net Cash Flow from Operating Activities] - The net cash flow generated from operating activities during the current period.
D000201000,[Debt to Capital Conversion] - The amount of debt converted to capital during the current period.
D000202000,[Convertible Corporate Bonds Due within One Year] - The principal and interest of convertible corporate bonds that mature within one year.
D000203000,"[Financing Leased Fixed Assets] - The amount of fixed assets financed through leasing and recorded in the ""Long-Term Payables"" account during the current period."
D000204000,[Ending Balance of Cash] - The ending balance of the enterprise's cash account.
D000205000,[Beginning Balance of Cash] - The beginning balance of the enterprise's cash account.
D000206000,[Ending Balance of Cash Equivalents] - The ending balance of the enterprise's cash equivalents account.
D000207000,[Beginning Balance of Cash Equivalents] - The beginning balance of the enterprise's cash equivalents account.
D000200000,[Net Increase in Cash and Cash Equivalents] - The net increase in the enterprise's cash and cash equivalents during the current period.
F010101A,"[Current Ratio] - Calculation formula: Current Assets / Current Liabilities. If the denominator is not disclosed or is zero, the result is NULL."
F010201A,"[Quick Ratio] - Calculation formula: (Current Assets - Inventory) / Current Liabilities. If the denominator is not disclosed or is zero, the result is NULL."
F010301A,[Conservative Quick Ratio] - Calculation formula: (Monetary Funds + Short-Term Investments (used before 2007) + Trading Financial Assets (used after 2007) + Derivative Financial Assets + Notes Receivable + Net Accounts Receivable) / Current Liabilities.
F010401A,"[Cash Ratio] - Calculation formula: Ending Balance of Cash and Cash Equivalents / Current Liabilities. If the denominator is not disclosed or is zero, the result is NULL."
F010501A,"[Working Capital to Borrowings Ratio] - Calculation formula: (Total Current Assets - Total Current Liabilities) / (Short-Term Borrowings + Long-Term Borrowings). If any items in the numerator or denominator are empty, they are replaced with zero. If the total denominator is zero, the result is NULL."
F010601A,[Working Capital] - Calculation formula: Total Current Assets - Total Current Liabilities.
F010701B,"[Interest Coverage Ratio A] - Calculation formula: (Net Profit + Income Tax Expense + Financial Expense) / Financial Expense. If any items in the numerator are empty, they are replaced with zero. If the denominator is not disclosed, zero, or negative, the result is NULL."
F010702B,"[Interest Coverage Ratio B] - Calculation formula: (Net Profit + Financial Expense) / Financial Expense. If any items in the numerator are empty, they are replaced with zero. If the denominator is not disclosed, zero, or negative, the result is NULL."
F010801B,"[Net Cash Flow from Operating Activities / Current Liabilities] - Calculation formula: Net Cash Flow from Operating Activities / Total Current Liabilities. If the denominator is zero or empty, the result is NULL."
F010901B,"[Cash Flow Interest Coverage Ratio] - Calculation formula: Net Cash Flow from Operating Activities / Financial Expense. If the numerator is empty, the result is NULL. If the denominator is not disclosed, zero, or negative, the result is NULL."
F011001B,"[Cash Flow Debt Coverage Ratio] - Calculation formula: Net Cash Flow from Operating Activities / (Non-Current Liabilities Due within One Year + Accounts Payable). If any items in the denominator are empty, they are replaced with zero. If the total denominator is zero, the result is NULL."
F011201A,"[Debt to Asset Ratio] - Calculation formula: Total Liabilities / Total Assets. If the numerator is empty, the result is NULL. If the numerator is 0, the result is 0. If the denominator is empty or 0, the result is NULL."
F011301A,"[Long-Term Borrowings to Total Assets Ratio] - Calculation formula: Long-Term Borrowings / Total Assets. If the numerator is empty, it is replaced with zero. If the denominator is empty or zero, the result is NULL."
F011401A,"[Tangible Assets Debt Ratio] - Calculation formula: (Total Liabilities) / (Total Assets - Net Intangible Assets - Net Goodwill). If the numerator is empty, it is replaced with zero. If the net intangible assets or net goodwill are empty, they are replaced with zero. If the total assets are empty or zero, the result is NULL."
F011501A,"[Tangible Assets to Interest-Bearing Debt Ratio] - Calculation formula: (Total Non-Current Liabilities + Short-Term Borrowings + Non-Current Liabilities Due within One Year) / (Total Assets - Net Intangible Assets - Net Goodwill). If the numerator is empty, it is replaced with zero. If the net intangible assets or net goodwill are empty, they are replaced with zero. If the total assets are empty or zero, the result is NULL."
F011601A,"[Equity Multiplier] - Calculation formula: Total Assets / Total Shareholders' Equity. If either the numerator or denominator is empty or zero, the result is NULL."
F011701A,"[Debt to Equity Ratio] - Calculation formula: Total Liabilities / Total Shareholders' Equity. If the numerator is empty, it is replaced with zero. If the denominator is empty or zero, the result is NULL."
F011801A,"[Equity to Debt Ratio] - Calculation formula: Total Shareholders' Equity / Total Liabilities. If the numerator is empty, it is replaced with zero. If the denominator is empty or zero, the result is NULL."
F011901A,"[Long-Term Capital Debt Ratio] - Calculation formula: Total Non-Current Liabilities / (Total Shareholders' Equity + Total Non-Current Liabilities). If any items in the numerator or denominator are empty, they are replaced with zero. If the total denominator is zero, the result is NULL."
F012001A,"[Long-Term Debt to Equity Ratio] - Calculation formula: Total Non-Current Liabilities / Total Shareholders' Equity. If either the numerator or denominator is empty or zero, the result is NULL."
F012101A,"[Long-Term Debt to Working Capital Ratio] - Calculation formula: Total Non-Current Liabilities / (Total Current Assets - Total Current Liabilities). If any items in the numerator or denominator are empty, they are replaced with zero. If the total denominator is zero, the result is NULL."
F012201B,"[EBITDA to Total Liabilities] - Calculation formula: (Net Profit + Income Tax Expense + Financial Expense + Amortization of Long-Term Deferred Expenses + Amortization of Intangible Assets + Depreciation of Fixed Assets, Depletion of Oil and Gas Assets, Depreciation of Productive Biological Assets) / Average Total Liabilities. The denominator is the average of the total liabilities, calculated as (ending balance of the current period + ending balance of the previous year) / 2. If any items in the numerator are empty, they are replaced with zero. If the total numerator is zero, the result is NULL. If the denominator is empty or zero, the result is NULL."
F012301B,"[Net Cash Flow from Operating Activities / Total Liabilities] - Calculation formula: Net Cash Flow from Operating Activities / Average Total Liabilities. The denominator is the average of the total liabilities, calculated as (ending balance of the current period + ending balance of the previous year) / 2. If the denominator is empty or zero, the result is NULL."
F012401B,"[Net Cash Flow from Operating Activities / Interest-Bearing Debt] - Calculation formula: Net Cash Flow from Operating Activities / Average balance of (Total Non-Current Liabilities + Short-Term Borrowings + Non-Current Liabilities Due within One Year). The denominator is the average balance, calculated as (ending balance of the current period + ending balance of the previous year) / 2. If the denominator is empty or zero, the result is NULL."
F012501B,"[Debt to Market Value Ratio] - Calculation formula: Total Liabilities / Market Value A. If the denominator is not disclosed or is zero, the result is NULL.（补充分母为零或未披露时的处理说明，与其他类似指标统一）"
F012601B,"[Tangible Net Worth Debt Ratio] - Calculation formula: Total Liabilities / Total Tangible Net Worth. If the denominator is not disclosed, zero, or negative, the result is NULL. Total Tangible Net Worth = Total Shareholders' Equity - Net Intangible Assets."
F012701B,[Fixed Charge Coverage Ratio] - Calculation formula: (Total Profit + Financial Expense + Depreciation of Fixed Assets + Depletion of Oil and Gas Assets + Depreciation of Productive Biological Assets + Amortization of Intangible Assets + Amortization of Long-Term Deferred Expenses) / (Financial Expense + Depreciation of Fixed Assets + Depletion of Oil and Gas Assets + Depreciation of Productive Biological Assets + Amortization of Intangible Assets + Amortization of Long-Term Deferred Expenses).（将各资产折旧、摊销部分用 “+” 连接，使公式更清晰）
F020502A,"[Equity Multiplier 2] - Calculation formula: Average Total Assets / Average Total Shareholders' Equity, where average balance = (ending balance of the current period + beginning balance) / 2. If either the numerator or denominator is empty or zero, the result is NULL.（补充 “where” 使公式逻辑更清晰）"
F020101,[Non-Recurring Gains and Losses] - The data of non-recurring gains and losses is directly sourced from the financial summary of the listed company's annual report.（补充完整句子结构，使意思更明确）
F020102,"[Net Profit Attributable to Shareholders of the Listed Company Excluding Non-Recurring Gains and Losses] - The net profit attributable to shareholders of the listed company, excluding non-recurring gains and losses, is directly sourced from the financial summary of the company's annual report.（补充完整句子结构，使意思更明确）"
F020103,[Weighted Average Return on Equity] - The data of weighted average return on equity is directly sourced from the financial summary of the listed company's annual report.（补充完整句子结构，使意思更明确）
F020104,[Weighted Average Return on Equity Excluding Non-Recurring Gains and Losses] - The data of weighted average return on equity excluding non-recurring gains and losses is directly sourced from the financial summary of the listed company's annual report.（补充完整句子结构，使意思更明确）
F020105,[Basic Earnings per Share Excluding Non-Recurring Gains and Losses] - The data of basic earnings per share excluding non-recurring gains and losses is directly sourced from the financial summary of the listed company's annual report.（补充完整句子结构，使意思更明确）
F020108,[Basic Earnings per Share] - The data of basic earnings per share is directly sourced from the financial summary of the listed company's annual report.（补充完整句子结构，使意思更明确）
F020109,[Diluted Earnings per Share] - The data of diluted earnings per share is directly sourced from the financial summary of the listed company's annual report.
F030101A,"[Current Assets Ratio] - Calculation formula: Total Current Assets / Total Assets. If the denominator is not disclosed or is zero, the result is NULL."
F030201A,"[Cash Assets Ratio] - Calculation formula: Ending Balance of Cash and Cash Equivalents / Total Assets. If the denominator is not disclosed or is zero, the result is NULL."
F030301A,"[Receivables Ratio] - Calculation formula: (Net Notes Receivable + Net Accounts Receivable) / Total Assets. If any item in the numerator or denominator is empty, it is replaced with zero. If the total denominator is zero, the result is NULL."
F030401A,"[Working Capital to Current Assets Ratio] - Calculation formula: (Total Current Assets - Total Current Liabilities) / Total Current Assets. If any item in the numerator or denominator is empty, it is replaced with zero. If the total denominator is zero, the result is NULL."
F030501A,"[Working Capital Ratio] - Calculation formula: (Current Assets - Current Liabilities) / Total Assets. If the denominator is not disclosed or is zero, the result is NULL."
F030601A,"[Operating Cash Flow Net] - Working Capital / Total Net Assets. If the denominator is not disclosed or is zero, the result is NULL.（此处原英文 “Operating Cash Flow Net” 疑似有误，若表示营运资金对净资产比率，建议改为 “Working Capital to Net Assets Ratio”）"
F030701A,"[Non-current Asset Ratio] - Calculation formula: Non-Current Assets / Total Assets or (1 - Current Assets Ratio). If the denominator is not disclosed or is zero, the result is NULL."
F030801A,"[Fixed Asset Ratio] - Calculation formula: Net Fixed Assets / Total Assets. If the denominator is not disclosed or is zero, the result is NULL."
F030901A,"[Intangible Asset Ratio] - Calculation formula: Net Intangible Assets / Total Assets. If the denominator is not disclosed or is zero, the result is NULL."
F031001A,"[Tangible Asset Ratio] - Calculation formula: Total Tangible Assets / Total Assets, where Total Tangible Assets = Total Assets - Net Intangible Assets - Net Goodwill. If the denominator is not disclosed or is zero, the result is NULL."
F031101A,"[Owner's Equity Ratio] - Calculation formula: Total Shareholders' Equity / Total Assets. If the denominator is not disclosed or is zero, the result is NULL."
F031201A,"[Retained Earnings to Assets Ratio] - Calculation formula: (Surplus Reserve + Undistributed Profits) / Total Assets. If the denominator is not disclosed or is zero, the result is NULL."
F031301A,"[Long - term Asset Suitability Ratio] - Calculation formula: (Total Shareholders' Equity + Total Non - Current Liabilities) / (Net Fixed Assets + Net Available - for - Sale Financial Assets + Net Held - to - Maturity Investments + Net Long - Term Equity Investments). If the denominator is not disclosed or is zero, the result is NULL.（“Long term” 中间加连字符使表述更规范）"
F031401A,"[Ratio of Shareholder Equity to Fixed Assets] - Calculation formula: Total Shareholders' Equity / Net Fixed Assets. If the denominator is not disclosed or is zero, the result is NULL."
F031501A,"[Current Liability Ratio] - Calculation formula: Total Current Liabilities / Total Liabilities. If the denominator is not disclosed or is zero, the result is NULL."
F031601A,"[Operating Debt Ratio] - Calculation formula: (Total Current Liabilities - Short - Term Borrowings - Non - Current Liabilities Due within One Year - Trading Financial Liabilities - Derivative Financial Liabilities) / Total Liabilities. If the denominator is not disclosed or is zero, the result is NULL."
F031701A,"[Financial Liability Ratio] - Calculation formula: (Total Non - Current Liabilities + Short - Term Borrowings + Non - Current Liabilities Due within One Year + Trading Financial Liabilities + Derivative Financial Liabilities) / Total Liabilities. If the denominator is not disclosed or is zero, the result is NULL."
F031801A,"[Non - Current Liability Ratio] - Calculation formula: Total Non - Current Liabilities / Total Liabilities. If the denominator is not disclosed or is zero, the result is NULL."
F031901A,"[Proportion of Parent Company Owner's Equity] - Calculation formula: Total equity attributable to parent company owners / Total equity. If the denominator is not disclosed or is zero, it is represented as NULL."
F032001A,"[Proportion of Minority Shareholders' Equity] - Calculation formula: Minority shareholders' equity / Total equity. If the denominator is not disclosed or is zero, it is represented as NULL."
F032101B,"[Proportion of Main Business Profit] - Calculation formula: (Operating income - Operating cost) / Total profit. If the denominator is not disclosed, zero, or less than zero, it is represented as NULL."
F032201B,"[Proportion of Financial Activities Profit] - Calculation formula: (Investment income + Fair value change income + Exchange gain) / Total profit. If the denominator is not disclosed or is zero, the result is NULL."
F032301B,"[Proportion of Operating Profit] - Calculation formula: Operating profit / Total profit. If the denominator is not disclosed or is zero, the result is NULL."
F032401B,"[Proportion of Non - operating Income] - Calculation formula: (Non - operating income - Non - operating expenses) / Total profit. If the denominator is not disclosed or is zero, the result is NULL."
F032501B,"[Turnover Tax Rate] - Calculation formula: Business tax and surcharges / Total operating income. If the denominator is not disclosed or is zero, the result is NULL."
F032601B,"[Comprehensive Tax Rate A] - Calculation formula: (Business tax and surcharges + Income tax expenses) / Total operating income. If the denominator is not disclosed or is zero, the result is NULL."
F032701B,"[Comprehensive Tax Rate B] - Calculation formula: (Business tax and surcharges + Income tax expenses) / Total profit. If the denominator is not disclosed or is zero, the result is NULL."
F032801B,"[Income Tax Rate] - Calculation formula: Income tax expenses / Total profit. If the denominator is not disclosed or is zero, the result is NULL."
F032901B,"[Proportion of Net Profit Attributable to Parent Company] - Calculation formula: Net profit attributable to parent company owners / Net profit. If the denominator is not disclosed or is zero, the result is NULL."
F033001B,"[Proportion of Net Profit of Minority Shareholders] - Calculation formula: Minority shareholders' profit and loss / Net profit. If the denominator is not disclosed or is zero, the result is NULL."
F033101B,"[Proportion of Net Profit to Comprehensive Income] - Calculation formula: Net profit / Total comprehensive income. If the denominator is not disclosed or is zero, the result is NULL."
F033201B,"[Proportion of Other Comprehensive Income] - Calculation formula: Other comprehensive income / Total comprehensive income. If the denominator is not disclosed or is zero, the result is NULL."
F033301B,"[Proportion of Comprehensive Income Attributable to Parent Company] - Calculation formula: Total comprehensive income attributable to parent company owners / Total comprehensive income. If the denominator is not disclosed or is zero, the result is NULL."
F033401B,"[Proportion of Comprehensive Income Attributable to Minority Shareholders] - Calculation formula: Total comprehensive income attributable to minority shareholders / Total comprehensive income. If the denominator is not disclosed or is zero, the result is NULL."
F033501A,"[Proportion of Parent Company Owner's Equity to Invested Capital] - Calculation formula: (Total equity attributable to parent company owners) End - of - current - period value / (Total assets - Total current liabilities + Notes payable + Short - term loans + Non - current liabilities due within one year) End - of - current - period value. If the denominator is not disclosed or is zero, the result is NULL."
F040101B,"[Proportion of Accounts Receivable to Revenue] - Calculation formula: Accounts receivable / Operating income. If the denominator is not disclosed, zero, or less than zero, the result is NULL."
F040201B,"[Accounts Receivable Turnover Rate A] - Calculation formula: Operating income / Ending balance of accounts receivable. If the denominator is not disclosed, zero, or less than zero, or the numerator is less than zero, the result is NULL."
F040202B,"[Accounts Receivable Turnover Rate B] - Calculation formula: Operating income / Average balance of accounts receivable. If the denominator is not disclosed, zero, or less than zero, or the numerator is less than zero, the result is NULL. Average balance of accounts receivable = (Ending balance of accounts receivable + Beginning balance of accounts receivable) / 2."
F040203B,"[Accounts Receivable Turnover Rate C] - Calculation formula: Operating income / Average balance of accounts receivable. If the denominator is not disclosed, zero, or less than zero, or the numerator is less than zero, the result is NULL. Average balance of accounts receivable = (Ending balance of accounts receivable + Ending balance of accounts receivable from the previous year) / 2."
F040204B,"[Accounts Receivable Turnover Rate D] - Calculation formula: Adjustment factor × (Operating income) / Average net balance of accounts receivable. Average net balance of accounts receivable = (Ending net balance of accounts receivable + Ending net balance of accounts receivable from the previous year) / 2. The adjustment factor is related to the accounting period of (Operating income, an item in the income statement) (i.e., the difference in months between the start date and the end date); specifically, it is 12 / (interval months). For example, for the first quarter: 12 / 3; for the first 6 months: 12 / 6; for January - September: 12 / 9, for the whole year: 1; the same applies below. If the denominator is not disclosed, zero, or less than zero, or the numerator is less than zero, the result is NULL."
F040205C,"[Accounts Receivable Turnover Rate TTM] - Calculation formula: (Operating income) TTM / Average net balance of accounts receivable. Average net balance of accounts receivable = (Ending net balance of accounts receivable for the current period + Ending net balance of accounts receivable for the same period of the previous year) / 2. (Operating income) TTM refers to the cumulative operating income of the listed company over the past 12 months. For any account A, A item TTM = A item current period value + A item annual report value from the previous year - A item data from the same period of the previous year. If the current period data is annual report data, then A item TTM = A item current period value. If the denominator is not disclosed, zero, or less than zero, or the numerator is less than zero, the result is NULL."
F040301B,"[Accounts Receivable Turnover Days A] - Calculation formula: Number of days in the calculation period / Accounts receivable turnover rate A. If the denominator has no value, the result is NULL."
F040302B,"[Accounts Receivable Turnover Days B] - Calculation formula: Number of days in the calculation period / Accounts receivable turnover rate B. If the denominator has no value, the result is NULL."
F040303B,"[Accounts Receivable Turnover Days C] - Calculation formula: Number of days in the calculation period / Accounts receivable turnover rate C. If the denominator has no value, the result is NULL."
F040304C,[Accounts Receivable Turnover Days TTM] - Calculation formula: 365 / Accounts receivable turnover rate TTM.
F040401B,"[Proportion of Inventory to Revenue] - Calculation formula: Inventory / Operating income. If the denominator is not disclosed, zero, or less than zero, or the numerator is less than zero, the result is NULL."
F040501B,"[Inventory Turnover Rate A] - Calculation formula: Operating cost / Ending balance of inventory. If the denominator is not disclosed, zero, or less than zero, or the numerator is less than zero, the result is NULL."
F040502B,"[Inventory Turnover Rate B] - Calculation formula: Operating cost / Average balance of inventory. If the denominator is not disclosed, zero, or less than zero, or the numerator is less than zero, the result is NULL. Average balance of inventory = (Ending balance of inventory + Beginning balance of inventory) / 2."
F040503B,"[Inventory Turnover Rate C] - Calculation formula: Operating cost / Average balance of inventory. If the denominator is not disclosed, zero, or less than zero, or the numerator is less than zero, the result is NULL. Average balance of inventory = (Ending balance of inventory + Ending balance of inventory from the previous year) / 2."
F040504B,"[Inventory Turnover Rate D] - Calculation formula: Adjustment factor × (Operating cost) / Average net balance of inventory. Average net balance of inventory = (Ending balance of inventory + Ending balance of inventory from the previous year) / 2. If the denominator is not disclosed, zero, or less than zero, or the numerator is less than zero, the result is NULL."
F040505C,"[Inventory Turnover Rate TTM] - Calculation formula: (Operating cost) TTM / Average net balance of inventory. Average net balance of inventory = (Ending net balance of inventory for the current period + Ending net balance of inventory for the same period of the previous year) / 2. If the denominator is not disclosed, zero, or less than zero, or the numerator is less than zero, the result is NULL."
F040601B,"[Inventory Turnover Days A] - Calculation formula: Number of days in the calculation period / Inventory turnover rate A. If the denominator has no value, the result is NULL."
F040602B,"[Inventory Turnover Days B] - Calculation formula: Number of days in the calculation period / Inventory turnover rate B. If the denominator has no value, the result is NULL."
F040603B,"[Inventory Turnover Days C] - Calculation formula: Number of days in the calculation period / Inventory turnover rate C. If the denominator has no value, the result is NULL."
F040604C,[Inventory Turnover Days TTM] - Calculation formula: 365 / Inventory turnover rate TTM.
F040701B,"[Operating Cycle A] - Calculation formula: Accounts receivable turnover days A + Inventory turnover days A. If either the accounts receivable turnover days or the inventory turnover days have no value, the result is NULL."
F040702B,"[Operating Cycle B] - Calculation formula: Accounts receivable turnover days B + Inventory turnover days B. If either the accounts receivable turnover days or the inventory turnover days have no value, the result is NULL."
F040703B,"[Operating Cycle C] - Calculation formula: Accounts receivable turnover days C + Inventory turnover days C. If either the accounts receivable turnover days or the inventory turnover days have no value, the result is NULL."
F040704C,[Operating Cycle TTM] - Calculation formula: Inventory turnover days TTM + Accounts receivable turnover days TTM.
F040801B,"[Accounts Payable Turnover Rate A] - Calculation formula: Operating cost / Ending balance of accounts payable. If the denominator is not disclosed, zero, or less than zero, or the numerator is less than zero, the result is NULL."
F040802B,"[Accounts Payable Turnover Rate B] - Calculation formula: Operating cost / Average balance of accounts payable. If the denominator is not disclosed, zero, or less than zero, or the numerator is less than zero, the result is represented as NULL. The average balance of accounts payable = (Ending balance of accounts payable + Beginning balance of accounts payable) / 2."
F040803B,"[Accounts Payable Turnover Rate C] - Calculation formula: Operating cost / Average balance of accounts payable. If the denominator is not disclosed, zero, or less than zero, or the numerator is less than zero, the result is represented as NULL. The average balance of accounts payable = (Ending balance of accounts payable + Ending balance of accounts payable from the previous year) / 2."
F040804B,"[Accounts Payable Turnover Rate D] - Calculation formula: Adjustment factor × (Operating cost) / Average balance of accounts payable. The average balance of accounts payable = (Ending balance of accounts payable + Ending balance of accounts payable from the previous year) / 2. If the denominator is not disclosed, zero, or less than zero, or the numerator is less than zero, the result is represented as NULL."
F040805C,"[Accounts Payable Turnover Rate TTM] - Calculation formula: (Operating cost) TTM / Average balance of accounts payable. The average balance of accounts payable = (Ending balance of accounts payable for the current period + Ending balance of accounts payable for the same period of the previous year) / 2. If the denominator is not disclosed, zero, or less than zero, or the numerator is less than zero, the result is represented as NULL."
F040901B,"[Working Capital Turnover Rate A] - Calculation formula: Operating income / Working capital. If the denominator is not disclosed, zero, or less than zero, or the numerator is less than zero, the result is represented as NULL. Working capital = Ending balance of current assets - Ending balance of current liabilities."
F040902B,"[Working Capital Turnover Rate B] - Calculation formula: Operating income / Average working capital. If the denominator is not disclosed, zero, or less than zero, or the numerator is less than zero, the result is represented as NULL. Average working capital = ((Ending balance of current assets - Ending balance of current liabilities) + (Beginning balance of current assets - Beginning balance of current liabilities)) / 2."
F040903B,"[Working Capital Turnover Rate C] - Calculation formula: Operating income / Average working capital. If the denominator is not disclosed, zero, or less than zero, or the numerator is less than zero, the result is represented as NULL. Average working capital = ((Ending balance of current assets - Ending balance of current liabilities)+(Ending balance of current assets from the previous year - Ending balance of current liabilities from the previous year)) / 2."
F040904B,"[Working Capital Turnover Rate D] - Calculation formula: Adjustment factor × (Operating income) / Average working capital. If the denominator is not disclosed, zero, or less than zero, or the numerator is less than zero, the result is represented as NULL. Average working capital = ((Ending balance of current assets - Ending balance of current liabilities)+(Ending balance of current assets from the previous year - Ending balance of current liabilities from the previous year)) / 2."
F040905C,"[Working Capital Turnover Rate TTM] - Calculation formula: (Operating income) TTM / Average working capital. If the denominator is not disclosed, zero, or less than zero, or the numerator is less than zero, the result is represented as NULL. Average working capital = ((Ending balance of current assets - Ending balance of current liabilities)+(Ending balance of current assets from the same period of the previous year - Ending balance of current liabilities from the same period of the previous year)) / 2."
F041001B,"[Cash and Cash Equivalents Turnover Rate A] - Calculation formula: Operating income / Balance of cash and cash equivalents. If the denominator is not disclosed, zero, or less than zero, or the numerator is less than zero, the result is represented as NULL. Balance of cash and cash equivalents = Ending balance of cash and cash equivalents."
F041002B,"[Cash and Cash Equivalents Turnover Rate B] - Calculation formula: Operating income / Average balance of cash and cash equivalents. If the denominator is not disclosed, zero, or less than zero, or the numerator is less than zero, the result is represented as NULL. Average balance of cash and cash equivalents = (Ending balance of cash and cash equivalents + Beginning balance of cash and cash equivalents) / 2."
F041003B,"[Cash and Cash Equivalents Turnover Rate C] - Calculation formula: Operating income / Average balance of cash and cash equivalents. If the denominator is not disclosed, zero, or less than zero, or the numerator is less than zero, the result is represented as NULL. Average balance of cash and cash equivalents = (Ending balance of cash and cash equivalents + Ending balance of cash and cash equivalents from the previous year) / 2."
F041004B,"[Cash and Cash Equivalents Turnover Rate D] - Calculation formula: Adjustment factor × (Operating income) / Average balance of cash and cash equivalents at the end of the period. If the denominator is not disclosed, zero, or less than zero, or the numerator is less than zero, the result is represented as NULL. Average balance of cash and cash equivalents = (Ending balance of cash and cash equivalents + Ending balance of cash and cash equivalents from the previous year) / 2."
F041005C,"[Cash and Cash Equivalents Turnover Rate TTM] - Calculation formula: (Operating income) TTM / Average balance of cash and cash equivalents at the end of the period. If the denominator is not disclosed, zero, or less than zero, or the numerator is less than zero, the result is represented as NULL. Average balance of cash and cash equivalents = (Ending balance of cash and cash equivalents + Ending balance of cash and cash equivalents from the same period of the previous year) / 2."
F041101B,"[Proportion of Current Assets to Revenue] - Calculation formula: Current assets / Operating income. If the denominator is not disclosed, zero, or less than zero, or the numerator is less than zero, the result is represented as NULL."
F041201B,"[Current Assets Turnover Rate A] - Calculation formula: Operating income / Ending balance of current assets. If the denominator is not disclosed, zero, or less than zero, or the numerator is less than zero, the result is represented as NULL."
F041202B,"[Current Assets Turnover Rate B] - Calculation formula: Operating income / Average balance of current assets. If the denominator is not disclosed, zero, or less than zero, or the numerator is less than zero, the result is represented as NULL. Average balance of current assets = (Ending balance of current assets + Beginning balance of current assets) / 2."
F041203B,"[Current Assets Turnover Rate C] - Calculation formula: Operating income / Average balance of current assets. If the denominator is not disclosed, zero, or less than zero, or the numerator is less than zero, the result is represented as NULL. Average balance of current assets = (Ending balance of current assets + Ending balance of current assets from the previous year) / 2."
F041204B,"[Current Assets Turnover Rate D] - Calculation formula: Adjustment factor × (Operating income) / Average balance of current assets. If the denominator is not disclosed, zero, or less than zero, or the numerator is less than zero, the result is represented as NULL. Average balance of current assets = (Ending balance of current assets + Ending balance of current assets from the previous year) / 2."
F041205C,"[Current Assets Turnover Rate TTM] - Calculation formula: (Operating income) TTM / Average balance of current assets. If the denominator is not disclosed, zero, or less than zero, or the numerator is less than zero, the result is represented as NULL. Average balance of current assets = (Ending balance of current assets + Ending balance of current assets from the same period of the previous year) / 2."
F041301B,"[Proportion of Fixed Assets to Revenue] - Calculation formula: Fixed assets / Operating income. If the denominator is not disclosed, zero, or less than zero, or the numerator is less than zero, the result is represented as NULL."
F041401B,"[Fixed Assets Turnover Rate A] - Calculation formula: Operating income / Net ending balance of fixed assets. If the denominator is not disclosed, zero, or less than zero, or the numerator is less than zero, the result is represented as NULL."
F041402B,"[Fixed Assets Turnover Rate B] - Calculation formula: Operating income / Average net balance of fixed assets. If the denominator is not disclosed, zero, or less than zero, or the numerator is less than zero, the result is represented as NULL. Average net balance of fixed assets = (Ending balance of fixed assets + Beginning balance of fixed assets) / 2."
F041403B,"[Fixed Assets Turnover Rate C] - Calculation formula: Operating income / Average net balance of fixed assets. If the denominator is not disclosed, zero, or less than zero, or the numerator is less than zero, the result is represented as NULL. Average net balance of fixed assets = (Ending net balance of fixed assets + Ending net balance of fixed assets from the previous year) / 2."
F041404B,"[Fixed Assets Turnover Rate D] - Calculation formula: Adjustment factor × (Operating income) / Average net balance of fixed assets. If the denominator is not disclosed, zero, or less than zero, or the numerator is less than zero, the result is represented as NULL. Average net balance of fixed assets = (Ending net balance of fixed assets + Ending net balance of fixed assets from the previous year) / 2."
F041405C,"[Fixed Assets Turnover Rate TTM] - Calculation formula: (Operating income) TTM / Average net balance of fixed assets. If the denominator is not disclosed, zero, or less than zero, or the numerator is less than zero, the result is represented as NULL. Average net balance of fixed assets = (Ending net balance of fixed assets + Ending net balance of fixed assets from the same period of the previous year) / 2."
F041501B,"[Non-current Assets Turnover Rate A] - Calculation formula: Operating income / Ending balance of total non-current assets. If the denominator is not disclosed, zero, or less than zero, or the numerator is less than zero, the result is represented as NULL."
F041502B,"[Non-current Assets Turnover Rate B] - Calculation formula: Operating income / Average balance of total non-current assets. If the denominator is not disclosed, zero, or less than zero, or the numerator is less than zero, the result is represented as NULL. Average balance of total non-current assets = (Ending balance of non-current assets + Beginning balance of non-current assets) / 2."
F041503B,"[Non-current Assets Turnover Rate C] - Calculation formula: Operating income / Average balance of total non-current assets. If the denominator is not disclosed, zero, or less than zero, or the numerator is less than zero, the result is represented as NULL. Average balance of total non-current assets = (Ending balance of non-current assets + Ending balance of non-current assets from the previous year) / 2."
F041504B,"[Non-current Assets Turnover Rate D] - Calculation formula: Adjustment factor × (Operating income) / Average balance of total non-current assets. If the denominator is not disclosed, zero, or less than zero, or the numerator is less than zero, the result is represented as NULL. Average balance of total non-current assets = (Ending balance of non-current assets + Ending balance of non-current assets from the previous year) / 2."
F041505C,"[Non-current Assets Turnover Rate TTM] - Calculation formula: (Operating income) TTM / Average balance of total non-current assets. If the denominator is not disclosed, zero, or less than zero, or the numerator is less than zero, the result is represented as NULL. Average balance of total non-current assets = (Ending balance of non-current assets + Ending balance of non-current assets from the same period of the previous year) / 2."
F041601B,"[Capital Intensity] - Calculation formula: Total assets / Operating income. If the denominator is not disclosed, zero, or less than zero, the result is represented as NULL."
F041701B,"[Total Assets Turnover Rate A] - Calculation formula: Operating income / Ending balance of total assets. If the denominator is not disclosed, zero, or less than zero, or the numerator is less than zero, the result is represented as NULL."
F041702B,"[Total Assets Turnover Rate B] - Calculation formula: Operating income / Average total assets. If the denominator is not disclosed, zero, or less than zero, or the numerator is less than zero, the result is represented as NULL. Average total assets = (Ending balance of total assets + Beginning balance of total assets) / 2."
F041703B,"[Total Assets Turnover Rate C] - Calculation formula: Operating income / Average total assets. If the denominator is not disclosed, zero, or less than zero, or the numerator is less than zero, the result is represented as NULL. Average total assets = (Ending balance of total assets + Ending balance of total assets from the previous year) / 2."
F041704B,"[Total Assets Turnover Rate D] - Calculation formula: Adjustment factor × (Operating income) / Average total assets. If the denominator is not disclosed, zero, or less than zero, or the numerator is less than zero, the result is represented as NULL. Average total assets = (Ending balance of total assets + Ending balance of total assets from the previous year) / 2."
F041705C,"[Total Assets Turnover Rate TTM] - Calculation formula: (Operating income) TTM / Average total assets. If the denominator is not disclosed, zero, or less than zero, or the numerator is less than zero, the result is represented as NULL. Average total assets = (Ending balance of total assets + Ending balance of total assets from the same period of the previous year) / 2."
F041801B,"[Equity Turnover Rate A] - Calculation formula: Operating income / Ending balance of shareholders' equity. If the denominator is not disclosed, zero, or less than zero, or the numerator is less than zero, the result is represented as NULL."
F041802B,"[Equity Turnover Rate B] - Calculation formula: Operating income / Average shareholders' equity. If the denominator is not disclosed, zero, or less than zero, or the numerator is less than zero, the result is represented as NULL. Average shareholders' equity = (Ending balance of shareholders' equity + Beginning balance of shareholders' equity) / 2."
F041803B,"[Equity Turnover Rate C] - Calculation formula: Operating income / Average shareholders' equity. If the denominator is not disclosed, zero, or less than zero, or the numerator is less than zero, the result is represented as NULL. Average shareholders' equity = (Ending balance of shareholders' equity + Ending balance of shareholders' equity from the previous year) / 2."
F041804B,"[Equity Turnover Rate D] - Calculation formula: Adjustment factor × (Operating income) / Average shareholders' equity. If the denominator is not disclosed, zero, or less than zero, or the numerator is less than zero, the result is represented as NULL. Average shareholders' equity = (Ending balance of shareholders' equity + Ending balance of shareholders' equity from the previous year) / 2."
F041805C,"[Equity Turnover Rate TTM] - Calculation formula: (Operating income) TTM / Average shareholders' equity. If the denominator is not disclosed, zero, or less than zero, or the numerator is less than zero, the result is represented as NULL. Average shareholders' equity = (Ending balance of shareholders' equity + Ending balance of shareholders' equity from the same period of the previous year) / 2."
F050101B,"[Return on Assets (ROA) A] - Calculation formula: (Total profit + Financial expenses) / Total assets. If the denominator is not disclosed or is zero, the result is represented as NULL."
F050102B,"[Return on Assets (ROA) B] - Calculation formula: (Total profit + Financial expenses) / Average total assets. If the denominator is not disclosed or is zero, the result is represented as NULL. Average total assets = (Ending balance of total assets + Beginning balance of total assets) / 2."
F050103B,"[Return on Assets (ROA) C] - Calculation formula: (Total profit + Financial expenses) / Average total assets. If the denominator is not disclosed or is zero, the result is represented as NULL. Average total assets = (Ending balance of total assets + Ending balance of total assets from the previous year) / 2."
F050104C,"[Return on Assets (ROA) TTM] - Calculation formula: (Total profit TTM + Financial expenses TTM) / Average total assets. If the denominator is not disclosed, zero, or less than zero, or the numerator is less than zero, the result is represented as NULL. Average total assets = (Ending balance of total assets + Ending balance of total assets from the same period of the previous year) / 2."
F050201B,"[Return on Assets (ROA) A - Net Profit Basis] - Calculation formula: Net profit / Total assets balance. If the denominator is not disclosed or is zero, the result is represented as NULL."
F050202B,"[Return on Assets (ROA) B - Net Profit Basis] - Calculation formula: Net profit / Average total assets balance. If the denominator is not disclosed or is zero, the result is represented as NULL. Average total assets balance = (Ending balance of total assets + Beginning balance of total assets) / 2."
F050203B,"[Return on Assets (ROA) C - Net Profit Basis] - Calculation formula: Net profit / Average total assets balance. If the denominator is not disclosed or is zero, the result is represented as NULL. Average total assets balance = (Ending balance of total assets + Ending balance of total assets from the previous year) / 2."
F050204C,"[Return on Assets (ROA) TTM - Net Profit Basis] - Calculation formula: (Net profit TTM) / Average total assets balance. If the denominator is not disclosed or is zero, the result is represented as NULL. Average total assets balance = (Ending balance of total assets + Ending balance of total assets from the same period of the previous year) / 2."
F050301B,"[Net Return on Current Assets A] - Calculation formula: Net profit / Balance of current assets. If the denominator is not disclosed or is zero, the result is represented as NULL."
F050302B,"[Net Return on Current Assets B] - Calculation formula: Net profit / Average balance of current assets. If the denominator is not disclosed or is zero, the result is represented as NULL. Average balance of current assets = (Ending balance of current assets + Beginning balance of current assets) / 2."
F050303B,"[Net Return on Current Assets C] - Calculation formula: Net profit / Average balance of current assets. If the denominator is not disclosed or is zero, the result is represented as NULL. Average balance of current assets = (Ending balance of current assets + Ending balance of current assets from the previous year) / 2."
F050304C,"[Net Return on Current Assets TTM] - Calculation formula: (Net profit TTM) / Average balance of current assets. If the denominator is not disclosed or is zero, the result is represented as NULL. Average balance of current assets = (Ending balance of current assets + Ending balance of current assets from the same period of the previous year) / 2."
F050401B,"[Net Return on Fixed Assets A] - Calculation formula: Net profit / Balance of fixed assets. If the denominator is not disclosed or is zero, the result is represented as NULL."
F050402B,"[Net Return on Fixed Assets B] - Calculation formula: Net profit / Average balance of fixed assets. If the denominator is not disclosed or is zero, the result is represented as NULL. Average balance of fixed assets = (Ending balance of fixed assets + Beginning balance of fixed assets) / 2."
F050403B,"[Net Return on Fixed Assets C] - Calculation formula: Net profit / Average balance of fixed assets. If the denominator is not disclosed or is zero, the result is represented as NULL. Average balance of fixed assets = (Ending balance of fixed assets + Ending balance of fixed assets from the previous year) / 2."
F050404C,"[Net Return on Fixed Assets TTM] - Calculation formula: (Net profit TTM) / Average balance of fixed assets. If the denominator is not disclosed or is zero, the result is represented as NULL. Average balance of fixed assets = (Ending balance of fixed assets + Ending balance of fixed assets from the same period of the previous year) / 2."
F050501B,"[Return on Equity (ROE) A] - Calculation formula: Net profit / Balance of shareholders' equity. If the denominator is not disclosed, zero, or less than zero, the result is represented as NULL."
F050502B,"[Return on Equity (ROE) B] - Calculation formula: Net profit / Average balance of shareholders' equity. If the denominator is not disclosed, zero, or less than zero, the result is represented as NULL. Average balance of shareholders' equity = (Ending balance of shareholders' equity + Beginning balance of shareholders' equity) / 2."
F050503B,"[Return on Equity (ROE) C] - Calculation formula: Net profit / Average balance of shareholders' equity. If the denominator is not disclosed, zero, or less than zero, the result is represented as NULL. Average balance of shareholders' equity = (Ending balance of shareholders' equity + Ending balance of shareholders' equity from the previous year) / 2."
F050504C,"[Return on Equity (ROE) TTM] - Calculation formula: (Net profit TTM) / Average balance of shareholders' equity. If the denominator is not disclosed, zero, or less than zero, the result is represented as NULL. Average balance of shareholders' equity = (Ending balance of shareholders' equity + Ending balance of shareholders' equity from the same period of the previous year) / 2."
F050601B,[Earnings Before Interest and Taxes (EBIT)] - Calculation formula: Net profit + Income tax expenses + Financial expenses.
F050601C,[Earnings Before Interest and Taxes (EBIT) TTM] - Calculation formula: Net profit TTM + Income tax expenses TTM + Financial expenses TTM.
F050701B,"[After-tax Profit before Interest] - Calculation formula: EBIT * (1 - Income tax rate), where: Income tax rate = Income tax expenses / (Net profit + Income tax expenses). (Net profit B002 + Income tax expenses B0021 + Financial expenses B001211) * (Net profit B002) / (Net profit B002 + Income tax expenses B0021)."
F050801B,"[Earnings Before Interest, Taxes, Depreciation, and Amortization (EBITDA)] - Calculation formula: Net profit + Income tax expenses + Financial expenses + Depreciation of fixed assets, Depletion of oil and gas assets, Depreciation of productive biological assets + Amortization of intangible assets + Amortization of long-term deferred expenses."
F050801C,"[Earnings Before Interest, Taxes, Depreciation, and Amortization (EBITDA) TTM] - Calculation formula: Net profit TTM + Income tax expenses TTM + Financial expenses TTM + Depreciation of fixed assets, Depletion of oil and gas assets, Depreciation of productive biological assets TTM + Amortization of intangible assets TTM + Amortization of long-term deferred expenses TTM."
F050901B,"[Ratio of Net Profit to Total Profit] - Calculation formula: Net profit / Total profit. This indicator is one of the decomposition indicators of the net profit margin on sales. Net profit margin on sales = Ratio of net profit to total profit × Ratio of total profit to EBIT × Ratio of EBIT to operating income. If the denominator is not disclosed, zero, or less than zero, the result is represented as NULL."
F051001B,"[Ratio of Total Profit to EBIT] - Calculation formula: Total profit / EBIT. This indicator is one of the decomposition indicators of the net profit margin on sales. Net profit margin on sales = Ratio of net profit to total profit × Ratio of total profit to EBIT × Ratio of EBIT to operating income. If the denominator is not disclosed, zero, or less than zero, the result is represented as NULL."
F051101B,"[Ratio of EBIT to Total Assets] - Calculation formula: EBIT / Total assets. If the denominator is not disclosed, zero, or less than zero, the result is represented as NULL."
F051201B,"[Return on Invested Capital (ROIC)] - Calculation formula: (Net profit + Financial expenses) / (Total assets - Current liabilities + Notes payable + Short-term loans + Non-current liabilities due within one year). If the denominator is not disclosed, zero, or less than zero, the result is represented as NULL."
F053201B,"[Return on Long-term Capital] - Calculation formula: (Net profit + Income tax expenses + Financial expenses) / Long-term capital amount. Long-term capital amount = Average balance of non-current liabilities + Average balance of shareholders' equity = (Beginning balance of non-current liabilities + Ending balance of non-current liabilities) / 2 + (Beginning balance of shareholders' equity + Ending balance of shareholders' equity) / 2. If the denominator is not disclosed, zero, or less than zero, the result is represented as NULL."
F053301B,"[Gross Profit Margin] - Calculation formula: Since 2007: (Operating income - Operating cost) / Operating income. If the denominator is not disclosed or is zero, the result is represented as NULL."
F053301C,"[Gross Profit Margin TTM] - Calculation formula: (Operating income - Operating cost) TTM / (Operating income) TTM. If the denominator is not disclosed, zero, or less than zero, the result is represented as NULL."
F051301B,"[Operating Cost Ratio] - Calculation formula: Operating cost / Operating income. If the denominator is not disclosed, zero, or less than zero, the result is represented as NULL."
F051301C,"[Operating Cost Ratio TTM] - Calculation formula: (Operating cost) TTM / (Operating income) TTM. If the denominator is not disclosed, zero, or less than zero, the result is represented as NULL."
F051401B,"[Operating Profit Margin] - Calculation formula: Operating profit / Operating income. If the denominator is not disclosed, zero, or less than zero, the result is represented as NULL."
F051401C,"[Operating Profit Margin TTM] - Calculation formula: (Operating profit) TTM / (Operating income) TTM. If the denominator is not disclosed, zero, or less than zero, the result is represented as NULL."
F051501B,"[Net Operating Profit Margin] - Calculation formula: Net profit / Operating income. If the denominator is not disclosed, zero, or less than zero, the result is represented as NULL."
F051501C,"[Net Operating Profit Margin TTM] - Calculation formula: (Net profit) TTM / (Operating income) TTM. If the denominator is not disclosed, zero, or less than zero, the result is represented as NULL."
F051601B,"[Total Operating Cost Ratio] - Calculation formula: Total operating cost / Total operating income. If the denominator is not disclosed, zero, or less than zero, the result is represented as NULL."
F051601C,"[Total Operating Cost Ratio TTM] - Calculation formula: (Total operating cost) TTM / (Total operating income) TTM. If the denominator is not disclosed, zero, or less than zero, the result is represented as NULL."
F051701B,"[Sales Expense Ratio] - Calculation formula: Sales expenses / Operating income. If the denominator is not disclosed, zero, or less than zero, the result is represented as NULL."
F051701C,"[Sales Expense Ratio TTM] - Calculation formula: (Sales expenses) TTM / (Operating income) TTM. If the denominator is not disclosed, zero, or less than zero, the result is represented as NULL."
F051801B,"[Management Expense Ratio] - Calculation formula: Management expenses / Operating income. If the denominator is not disclosed, zero, or less than zero, the result is represented as NULL."
F051801C,"[Management Expense Ratio TTM] - Calculation formula: (Management expenses) TTM / (Operating income) TTM. If the denominator is not disclosed, zero, or less than zero, the result is represented as NULL."
F051901B,"[Financial Expense Ratio] - Calculation formula: Financial expenses / Operating income. If the denominator is not disclosed, zero, or less than zero, the result is represented as NULL."
F051901C,"[Financial Expense Ratio TTM] - Calculation formula: (Financial expenses) TTM / (Operating income) TTM. If the denominator is not disclosed, zero, or less than zero, the result is represented as NULL."
F052001B,"[Ratio of Sales, Administrative and Financial Expenses to Operating Income] - Calculation formula: (Sales expenses + Management expenses + Financial expenses) / Operating income. If the denominator is not disclosed, zero, or less than zero, the result is represented as NULL."
F052001C,"[Ratio of Sales, Administrative and Financial Expenses to Operating Income TTM] - Calculation formula: (Sales expenses + Management expenses + Financial expenses) TTM / (Operating income) TTM. If the denominator is not disclosed, zero, or less than zero, the result is represented as NULL."
F052101B,"[Profit Rate of Cost and Expenses] - Calculation formula: (Total profit) / (Operating cost + Taxes and surcharges + Sales expenses + Management expenses + Financial expenses + R & D expenses). If the denominator is not disclosed, zero, or less than zero, the result is represented as NULL."
F052101C,"[Profit Rate of Cost and Expenses TTM] - Calculation formula: (Total profit) TTM / (Operating cost + Taxes and surcharges + Sales expenses + Management expenses + Financial expenses + R & D expenses) TTM. If the denominator is not disclosed, zero, or less than zero, the result is represented as NULL."
F052201B,"[Impairment Loss to Operating Income Ratio] - Calculation formula: Impairment loss / Operating income. If the denominator is not disclosed, zero, or less than zero, the result is represented as NULL."
F052201C,"[Impairment Loss to Operating Income Ratio TTM] - Calculation formula: (Impairment loss) TTM / (Operating income) TTM. If the denominator is not disclosed, zero, or less than zero, the result is represented as NULL."
F052301B,"[EBITDA Operating Profit Margin] - Calculation formula: (Net profit + Income tax expenses + Financial expenses + Depreciation of fixed assets, Depletion of oil and gas assets, Depreciation of productive biological assets + Amortization of intangible assets + Amortization of long-term deferred expenses) / Total operating income. If the denominator is not disclosed, zero, or less than zero, the result is represented as NULL."
F052301C,"[EBITDA Operating Profit Margin TTM] - Calculation formula: (Net profit + Income tax expenses + Financial expenses + Depreciation of fixed assets, Depletion of oil and gas assets, Depreciation of productive biological assets + Amortization of intangible assets + Amortization of long-term deferred expenses) TTM / Total operating income TTM. If the denominator is not disclosed, zero, or less than zero, the result is represented as NULL."
F052401B,"[EBIT Operating Profit Margin] - Calculation formula: (Net profit + Income tax expenses + Financial expenses) / Operating income. If the denominator is not disclosed, zero, or less than zero, the result is represented as NULL."
F052401C,"[EBIT Operating Profit Margin TTM] - Calculation formula: (Net profit + Income tax expenses + Financial expenses) TTM / Operating income TTM. If the denominator is not disclosed, zero, or less than zero, the result is represented as NULL."
F052901B,"[Ratio of Net Cash Flow from Operating Activities to Total Profit] - Calculation formula: (Net cash flow from operating activities) / (Total profit). If the denominator is not disclosed, zero, or less than zero, the result is represented as NULL."
F052901C,"[Ratio of Net Cash Flow from Operating Activities to Total Profit TTM] - Calculation formula: (Net cash flow from operating activities) TTM / (Total profit) TTM. If the denominator is not disclosed, zero, or less than zero, the result is represented as NULL."
F053001B,"[Return on Equity (ROE) Attributable to Parent Company A] - Calculation formula: Net profit attributable to parent company owners / Ending balance of total equity attributable to parent company owners. If the denominator is not disclosed, zero, or less than zero, the result is represented as NULL."
F053002B,"[Return on Equity (ROE) Attributable to Parent Company B] - Calculation formula: Net profit attributable to parent company owners / Average balance of total equity attributable to parent company owners. If the denominator is not disclosed, zero, or less than zero, the result is represented as NULL. Average balance of total equity attributable to parent company owners = (Beginning balance of total equity attributable to parent company owners in the current period + Ending balance of total equity attributable to parent company owners in the current period) / 2."
F053003B,"[Return on Equity (ROE) Attributable to Parent Company C] - Calculation formula: Net profit attributable to parent company owners / Average balance of total equity attributable to parent company owners. If the denominator is not disclosed, zero, or less than zero, the result is represented as NULL. Average balance of total equity attributable to parent company owners = (Ending balance of total equity attributable to parent company owners + Ending balance of total equity attributable to parent company owners from the previous year) / 2."
F053004C,"[Return on Equity (ROE) Attributable to Parent Company TTM] - Calculation formula: Net profit attributable to parent company owners TTM / Average balance of total equity attributable to parent company owners. If the denominator is not disclosed, zero, or less than zero, the result is represented as NULL. Average balance of total equity attributable to parent company owners = (Ending balance of total equity attributable to parent company owners + Ending balance of total equity attributable to parent company owners from the same period of the previous year) / 2."
F053101B,"[Comprehensive Income Rate Attributable to Parent Company A] - Calculation formula: Total comprehensive income attributable to parent company owners / Ending balance of total equity attributable to parent company owners. If the denominator is not disclosed, zero, or less than zero, the result is represented as NULL."
F053102B,"[Comprehensive Income Rate Attributable to Parent Company B] - Calculation formula: Total comprehensive income attributable to parent company owners / Average balance of total equity attributable to parent company owners. If the denominator is not disclosed, zero, or less than zero, the result is represented as NULL. Average balance of total equity attributable to parent company owners = (Beginning balance of total equity attributable to parent company owners in the current period + Ending balance of total equity attributable to parent company owners in the current period) / 2."
F053103B,"[Comprehensive Income Rate Attributable to Parent Company C] - Calculation formula: Total comprehensive income attributable to parent company owners / Average balance of total equity attributable to parent company owners. If the denominator is not disclosed, zero, or less than zero, the result is represented as NULL. Average balance of total equity attributable to parent company owners = (Ending balance of total equity attributable to parent company owners + Ending balance of total equity attributable to parent company owners from the previous year) / 2."
F053104C,"[Comprehensive Income Rate Attributable to Parent Company TTM] - Calculation formula: Total comprehensive income attributable to parent company owners TTM / Average balance of total equity attributable to parent company owners. If the denominator is not disclosed, zero, or less than zero, the result is represented as NULL. Average balance of total equity attributable to parent company owners = (Ending balance of total equity attributable to parent company owners + Ending balance of total equity attributable to parent company owners from the same period of the previous year) / 2."
F053202B,"[Return on Investment] - Calculation formula: Investment income in the current period / (Ending balance of long-term equity investments in the current period + Ending balance of held-to-maturity investments in the current period + Ending balance of trading financial assets in the current period + Ending balance of available-for-sale financial assets in the current period + Ending balance of derivative financial assets in the current period). Note: If the denominator is not disclosed, zero, or less than zero, the result is represented as NULL."
F060101B,"[Net Cash Content of Net Profit] - Calculation formula: Net cash flow from operating activities / Net profit. If the denominator is not disclosed, zero, or less than zero, the result is represented as NULL."
F060101C,"[Net Cash Content of Net Profit TTM] - Calculation formula: Net cash flow from operating activities TTM / Net profit TTM. If the denominator is not disclosed, zero, or less than zero, the result is represented as NULL."
F060201B,"[Cash Content of Operating Income] - Calculation formula: Cash received from selling goods and providing services / Operating income. If the denominator is not disclosed, zero, or less than zero, the result is represented as NULL."
F060201C,"[Cash Content of Operating Income TTM] - Calculation formula: Cash received from selling goods and providing services TTM / Operating income TTM. If the denominator is not disclosed, zero, or less than zero, the result is represented as NULL."
F060301B,"[Net Cash Content of Operating Income] - Calculation formula: Net cash flow from operating activities / Total operating income. If the denominator is not disclosed, zero, or less than zero, the result is represented as NULL."
F060301C,"[Net Cash Content of Operating Income TTM] - Calculation formula: Net cash flow from operating activities TTM / Total operating income TTM. If the denominator is not disclosed, zero, or less than zero, the result is represented as NULL."
F060401B,"[Net Cash Content of Operating Profit] - Calculation formula: Net cash flow from operating activities / Operating profit. If the denominator is not disclosed, zero, or less than zero, the result is represented as NULL."
F060401C,"[Net Cash Content of Operating Profit TTM] - Calculation formula: Net cash flow from operating activities TTM / Operating profit TTM. If the denominator is not disclosed, zero, or less than zero, the result is represented as NULL."
F060901B,"[Net Cash Flow to Creditors from Financing Activities] - Calculation formula: Cash received from issuing bonds + Cash received from borrowing + Cash received from other financing activities - Cash paid for debt repayment - Cash paid for other financing activities. If any item is empty, it is replaced with zero."
F060901C,"[Net Cash Flow to Creditors from Financing Activities TTM] - Calculation formula: (Cash received from issuing bonds + Cash received from borrowing + Cash received from other financing activities - Cash paid for debt repayment - Cash paid for other financing activities) TTM. If any item is empty, it is replaced with zero."
F061001B,"[Net Cash Flow to Shareholders from Financing Activities] - Calculation formula: Cash received from equity investment - Cash paid for dividends, profits, or interest. If any item is empty, it is replaced with zero."
F061001C,"[Net Cash Flow to Shareholders from Financing Activities TTM] - Calculation formula: (Cash received from equity investment - Cash paid for dividends, profits, or interest) TTM. If any item is empty, it is replaced with zero."
F061201B,"[Depreciation and Amortization] - Calculation formula: (Depreciation of fixed assets, Depletion of oil and gas assets, Depreciation of productive biological assets + Amortization of intangible assets + Amortization of long-term deferred expenses). If any item is empty, it is replaced with zero."
F061201C,"[Depreciation and Amortization TTM] - Calculation formula: (Depreciation of fixed assets, Depletion of oil and gas assets, Depreciation of productive biological assets + Amortization of intangible assets + Amortization of long-term deferred expenses) TTM. If any item is empty, it is replaced with zero."
F061301B,"[Company Cash Flow 1] - Calculation formula: Net profit + Financial expenses - (Change in total assets in the current period) + (Change in monetary funds in the current period) - (Change in total liabilities in the current period) - (Cash received from equity investment - Cash paid for dividends, profits, or interest). Change in item A = Ending value of item A in the current period - Ending value of item A in the previous year. If any item is empty, it is replaced with zero."
F061302B,"[Company Cash Flow 2] - Calculation formula: Net increase in cash and cash equivalents - Net cash flow from financing activities. If any item is empty, it is replaced with zero."
F061301C,"[Company Cash Flow TTM 1] - Calculation formula: Net profit TTM + Financial expenses TTM - (Change in total assets in the current period TTM) + (Change in monetary funds in the current period TTM) - (Change in total liabilities in the current period TTM) - (Cash received from equity investment - Cash paid for dividends, profits, or interest) TTM. Change in item A = Ending value of item A in the current period - Ending value of item A in the same period of the previous year. If any item is empty, it is replaced with zero."
F061302C,"[Company Cash Flow TTM 2] - Calculation formula: Net increase in cash and cash equivalents TTM - Net cash flow from financing activities TTM. If any item is empty, it is replaced with zero."
F061401B,"[Equity Cash Flow 1] - Calculation formula: Net profit - (Change in total equity in the current period) - (Cash received from equity investment - Cash paid for dividends, profits, or interest) + (Change in monetary funds in the current period). Change in item A = Ending value of item A in the current period - Ending value of item A in the previous year. If any item is empty, it is replaced with zero."
F061402B,"[Equity Cash Flow 2] - Calculation formula: Net increase in cash and cash equivalents - (Cash received from equity investment - Cash paid for dividends, profits, or interest). If any item is empty, it is replaced with zero."
F061401C,"[Equity Cash Flow TTM 1] - Calculation formula: Net profit TTM - (Change in total equity in the current period TTM) - (Cash received from equity investment - Cash paid for dividends, profits, or interest) TTM + (Change in monetary funds in the current period TTM). Change in item A = Ending value of item A in the current period - Ending value of item A in the same period of the previous year. If any item is empty, it is replaced with zero."
F061402C,"[Equity Cash Flow TTM 2] - Calculation formula: Net increase in cash and cash equivalents TTM - (Cash received from equity investment - Cash paid for dividends, profits, or interest) TTM. If any item is empty, it is replaced with zero."
F061501B,"[Original Company Free Cash Flow] - Calculation formula: (Net profit + Income tax expenses + Financial expenses) * (Net profit) / (Net profit + Income tax expenses) + Depreciation of fixed assets, Depletion of oil and gas assets, Depreciation of productive biological assets + Amortization of intangible assets + Amortization of long-term deferred expenses - Net cash flow from financing activities - (Change in total current assets - Change in total current liabilities during the current period)."
F061601B,"[Original Equity Free Cash Flow] - Calculation formula: Net profit + Depreciation of fixed assets, Depletion of oil and gas assets, Depreciation of productive biological assets + Amortization of intangible assets + Amortization of long-term deferred expenses - Net cash flow from financing activities - (Change in total current assets - Change in total current liabilities during the current period) - Cash paid for debt repayment + Cash received from issuing bonds."
F061701B,"[Total Cash Recovery Rate] - Calculation formula: Net cash flow from operating activities / Ending balance of total assets. If any item in the denominator is empty, it is replaced with zero; if the sum of the denominator values is zero, the result is represented as NULL."
F061801B,"[Operating Index] - Calculation formula: Net cash flow from operating activities / (Net profit - Investment income - Fair value change income - Non-operating income + Non-operating expenses + Depreciation of fixed assets, Depletion of oil and gas assets, Depreciation of productive biological assets + Amortization of intangible assets + Amortization of long-term deferred expenses + Decrease in deferred tax assets + Increase in deferred tax liabilities)."
F061901B,"[Ratio of Capital Expenditure to Depreciation and Amortization] - Calculation formula: Cash paid for the acquisition of fixed assets, intangible assets, and other long-term assets / (Depreciation of fixed assets, Depletion of oil and gas assets, Depreciation of productive biological assets + Amortization of intangible assets + Amortization of long-term deferred expenses)."
F062001B,"[Cash Suitability Ratio] - Calculation formula: Net cash flow from operating activities / (Cash paid for the acquisition of fixed assets, intangible assets, and other long-term assets + Cash paid for dividends, profits, or interest + Change in net inventory during the current period). The change in the balance sheet items during the current period = Ending value - Ending value of the previous year."
F062101B,[Cash Reinvestment Ratio] - Calculation formula: Net cash flow from operating activities / (Net fixed assets + Net held-to-maturity investments + Net long-term debt investments + Net long-term equity investments + Total current assets - Total current liabilities).
F062201B,"[Cash Investment Satisfaction Ratio] - Calculation formula: Sum of net cash flow from operating activities in the past 5 years / Sum of (Cash paid for the acquisition of fixed assets, intangible assets, and other long-term assets + Cash paid for dividends, profits, or interest + Change in net inventory during the current period) in the past 5 years. If the period is less than 5 years, calculate according to the actual number of years."
F062301B,[Equity Free Cash Flow] - Calculation formula: (Net profit + Non-cash expenses) - Additional working capital - Capital expenditure - Debt principal repayment + New debt issuance.
F062401B,[Enterprise Free Cash Flow] - Calculation formula: After-tax profit before interest + Depreciation and amortization - Increase in working capital - Capital expenditure.
F070101B,"[Financial Leverage] - Calculation formula: (Net profit + Income tax expenses + Financial expenses) / (Net profit + Income tax expenses). If the denominator is not disclosed, zero, or financial expenses are less than zero, the result is represented as NULL."
F070201B,"[Operating Leverage] - Calculation formula: (Net profit + Income tax expenses + Financial expenses + Depreciation of fixed assets, Depletion of oil and gas assets, Depreciation of productive biological assets + Amortization of intangible assets + Amortization of long-term deferred expenses) / (Net profit + Income tax expenses + Financial expenses). If the denominator is not disclosed, zero, or financial expenses are less than zero, the result is represented as NULL."
F070301B,"[Comprehensive Leverage] - Calculation formula: (Net profit + Income tax expenses + Financial expenses + Depreciation of fixed assets, Depletion of oil and gas assets, Depreciation of productive biological assets + Amortization of intangible assets + Amortization of long-term deferred expenses) / (Net profit + Income tax expenses). If the denominator is not disclosed, zero, or financial expenses are less than zero, the result is represented as NULL; alternatively, it is Financial Leverage * Operating Leverage."
F080101A,"[Capital Preservation and Appreciation Rate A] - Calculation formula: Ending value of total equity in the current period / Beginning value of total equity in the current period. If the denominator is not disclosed, zero, or less than zero, the result is represented as NULL."
F080102A,"[Capital Preservation and Appreciation Rate B] - Calculation formula: Ending value of total equity in the current period / Ending value of total equity in the same period of the previous year. If the denominator is not disclosed, zero, or less than zero, the result is represented as NULL."
F080201A,"[Capital Preservation and Appreciation Rate of Parent Company] - Calculation formula: Ending value of total equity attributable to parent company owners in the current period / Ending value of total equity attributable to parent company owners in the same period of the previous year. If the denominator is not disclosed, zero, or less than zero, the result is represented as NULL."
F080301A,"[Capital Accumulation Rate A] - Calculation formula: (Ending value of total equity in the current period - Beginning value of total equity in the current period) / Beginning value of total equity in the current period. If the denominator is not disclosed, zero, or less than zero, the result is represented as NULL."
F080302A,"[Capital Accumulation Rate B] - Calculation formula: (Ending value of total equity in the current period - Ending value of total equity in the same period of the previous year) / Ending value of total equity in the same period of the previous year. If the denominator is not disclosed, zero, or less than zero, the result is represented as NULL."
F080401A,"[Capital Accumulation Rate of Parent Company] - Calculation formula: (Ending value of total equity attributable to parent company owners in the current period - Ending value of total equity attributable to parent company owners in the same period of the previous year) / Ending value of total equity attributable to parent company owners in the same period of the previous year. If the denominator is not disclosed, zero, or less than zero, the result is represented as NULL."
F080501A,"[Fixed Assets Growth Rate A] - Calculation formula: (Ending net value of fixed assets in the current period - Beginning net value of fixed assets in the current period) / Beginning net value of fixed assets in the current period. If the denominator is not disclosed, zero, or less than zero, the result is represented as NULL."
F080502A,"[Fixed Assets Growth Rate B] - Calculation formula: (Ending net value of fixed assets in the current period - Ending net value of fixed assets in the same period of the previous year) / Ending net value of fixed assets in the same period of the previous year. If the denominator is not disclosed, zero, or less than zero, the result is represented as NULL."
F080601A,"[Total Assets Growth Rate A] - Calculation formula: (Ending value of total assets in the current period - Beginning value of total assets in the current period) / Beginning value of total assets in the current period. If the denominator is not disclosed, zero, or less than zero, the result is represented as NULL."
F080602A,"[Total Assets Growth Rate B] - Calculation formula: (Ending value of total assets in the current period - Ending value of total assets in the same period of the previous year) / Ending value of total assets in the same period of the previous year. If the denominator is not disclosed, zero, or less than zero, the result is represented as NULL."
F080701B,"[Return on Equity Growth Rate A] - Calculation formula: (Current quarterly return on equity - Previous quarterly return on equity) / Previous quarterly return on equity. If the denominator is not disclosed, zero, or less than zero, the result is represented as NULL. Quarterly-on-quarter indicator; Return on equity = Net profit attributable to parent company owners / Total equity attributable to parent company owners."
F080702B,"[Return on Equity Growth Rate B] - Calculation formula: (Current quarterly return on equity - Return on equity in the same period of the previous year) / Return on equity in the same period of the previous year. If the denominator is not disclosed, zero, or less than zero, the result is represented as NULL. Return on equity = Net profit attributable to parent company owners / Total equity attributable to parent company owners."
F080801B,"[Basic Earnings Per Share Growth Rate A] - Calculation formula: (Basic earnings per share amount in the current quarter of the current year - Basic earnings per share amount in the previous quarter) / Basic earnings per share amount in the previous quarter. If the denominator is not disclosed, zero, or less than zero, the result is represented as NULL. Quarterly-on-quarter indicator."
F080802B,"[Basic Earnings Per Share Growth Rate B] - Calculation formula: (Basic earnings per share amount in the current period of the current year - Basic earnings per share amount in the same period of the previous year) / Basic earnings per share amount in the same period of the previous year. If the denominator is not disclosed, zero, or less than zero, the result is represented as NULL."
F080901B,"[Diluted Earnings Per Share Growth Rate A] - Calculation formula: (Diluted earnings per share amount in the current quarter of the current year - Diluted earnings per share amount in the previous quarter) / Diluted earnings per share amount in the previous quarter. If the denominator is not disclosed, zero, or less than zero, the result is represented as NULL. Quarterly-on-quarter indicator."
F080902B,"[Diluted Earnings Per Share Growth Rate B] - Calculation formula: (Diluted earnings per share amount in the current period of the current year - Diluted earnings per share amount in the same period of the previous year) / Diluted earnings per share amount in the same period of the previous year. If the denominator is not disclosed, zero, or less than zero, the result is represented as NULL."
F081001B,"[Net Profit Growth Rate A] - Calculation formula: (Net profit amount in the current quarter of the current year - Net profit amount in the previous quarter) / Net profit amount in the previous quarter. If the denominator is not disclosed, zero, or less than zero, the result is represented as NULL. Quarterly-on-quarter indicator."
F081002B,"[Net Profit Growth Rate B] - Calculation formula: (Net profit amount in the current period of the current year - Net profit amount in the same period of the previous year) / Net profit amount in the same period of the previous year. If the denominator is not disclosed, zero, or less than zero, the result is represented as NULL."
F081101B,"[Total Profit Growth Rate A] - Calculation formula: (Total profit amount in the current quarter of the current year - Total profit amount in the previous quarter) / Total profit amount in the previous quarter. If the denominator is not disclosed, zero, or less than zero, the result is represented as NULL. Quarterly-on-quarter indicator."
F081102B,"[Total Profit Growth Rate B] - Calculation formula: (Total profit amount in the current period of the current year - Total profit amount in the same period of the previous year) / Total profit amount in the same period of the previous year. If the denominator is not disclosed, zero, or less than zero, the result is represented as NULL."
F081201B,"[Operating Profit Growth Rate A] - Calculation formula: (Operating profit amount in the current quarter of the current year - Operating profit amount in the previous quarter) / Operating profit amount in the previous quarter. If the denominator is not disclosed, zero, or less than zero, the result is represented as NULL. Quarterly-on-quarter indicator."
F081202B,"[Operating Profit Growth Rate B] - Calculation formula: (Operating profit amount in the current period of the current year - Operating profit amount in the same period of the previous year) / Operating profit amount in the same period of the previous year. If the denominator is not disclosed, zero, or less than zero, the result is represented as NULL."
F081301B,"[Net Profit Growth Rate Attributable to Parent Company] - Calculation formula: (Net profit attributable to parent company owners in the current period of the current year - Net profit attributable to parent company owners in the same period of the previous year) / Net profit attributable to parent company owners in the same period of the previous year. If the denominator is not disclosed, zero, or less than zero, the result is represented as NULL."
F081401B,"[Comprehensive Income Growth Rate] - Calculation formula: (Total comprehensive income amount in the current period of the current year - Total comprehensive income amount in the same period of the previous year) / Total comprehensive income amount in the same period of the previous year. If the denominator is not disclosed, zero, or less than zero, the result is represented as NULL."
F081501B,"[Comprehensive Income Growth Rate Attributable to Parent Company] - Calculation formula: (Total comprehensive income attributable to parent company owners in the current period of the current year - Total comprehensive income attributable to parent company owners in the same period of the previous year) / Total comprehensive income attributable to parent company owners in the same period of the previous year. If the denominator is not disclosed, zero, or less than zero, the result is represented as NULL."
F081601B,"[Operating Income Growth Rate A] - Calculation formula: (Operating income amount in the current quarter of the current year - Operating income amount in the previous quarter) / Operating income amount in the previous quarter. If the denominator is not disclosed, zero, or less than zero, the result is represented as NULL. Quarterly-on-quarter indicator."
F081602C,"[Operating Income Growth Rate B] - Calculation formula: (Operating income amount in the current period of the current year - Operating income amount in the same period of the previous year) / Operating income amount in the same period of the previous year. If the denominator is not disclosed, zero, or less than zero, the result is represented as NULL."
F081701B,"[Total Operating Income Growth Rate] - Calculation formula: (Total operating income amount in the current period of the current year - Total operating income amount in the same period of the previous year) / Total operating income amount in the same period of the previous year. If the denominator is not disclosed, zero, or less than zero, the result is represented as NULL."
F081801B,"[Total Operating Cost Growth Rate] - Calculation formula: (Total operating cost amount in the current period of the current year - Total operating cost amount in the same period of the previous year) / Total operating cost amount in the same period of the previous year. If the denominator is not disclosed, zero, or less than zero, the result is represented as NULL."
F081901B,"[Sales Expense Growth Rate] - Calculation formula: (Sales expenses amount in the current period of the current year - Sales expenses amount in the same period of the previous year) / Sales expenses amount in the same period of the previous year. If the denominator is not disclosed, zero, or less than zero, the result is represented as NULL."
F082001B,"[Management Expense Growth Rate] - Calculation formula: (Management expenses amount in the current period of the current year - Management expenses amount in the same period of the previous year) / Management expenses amount in the same period of the previous year. If the denominator is not disclosed, zero, or less than zero, the result is represented as NULL."
F082101B,"[Accrual Items] - Calculation formula: Change amount of (Total current assets - Total current liabilities + Taxes payable + Interest payable) between the current period and the same period of the previous year - (Net increase in cash and cash equivalents + Depreciation of fixed assets, Depletion of oil and gas assets, Depreciation of productive biological assets + Amortization of intangible assets + Amortization of long-term deferred expenses) TTM. If there is no disclosure of relevant data for calculation (equivalent to the denominator situation in a sense), zero, or less than zero in relevant values, the result is represented as NULL."
F082201B,"[Per Share Net Cash Flow from Operating Activities Growth Rate A] - Calculation formula: ((Net cash flow from operating activities amount in the current quarter / Ending value of paid-in capital during the current period) - (Net cash flow from operating activities amount in the previous quarter / Ending value of paid-in capital in the previous quarter)) / (Net cash flow from operating activities amount in the previous quarter / Ending value of paid-in capital in the previous quarter). If the denominator is not disclosed, zero, or less than zero, the result is represented as NULL."
F082202B,"[Per Share Net Cash Flow from Operating Activities Growth Rate B] - Calculation formula: ((Net cash flow from operating activities amount in the current period / Ending value of paid-in capital during the current period) - (Net cash flow from operating activities amount in the same period of the previous year / Ending value of paid-in capital in the same period of the previous year)) / (Net cash flow from operating activities amount in the same period of the previous year / Ending value of paid-in capital in the same period of the previous year). If the denominator is not disclosed, zero, or less than zero, the result is represented as NULL."
F082301B,"[Net Cash Flow from Operating Activities Growth Rate A] - Calculation formula: (Net cash flow from operating activities amount in the current quarter of the current year - Net cash flow from operating activities amount in the previous quarter) / Net cash flow from operating activities amount in the previous quarter. If the denominator is not disclosed, zero, or less than zero, the result is represented as NULL. Quarterly-on-quarter indicator."
F082302B,"[Net Cash Flow from Operating Activities Growth Rate B] - Calculation formula: (Net cash flow from operating activities amount in the current period of the current year - Net cash flow from operating activities amount in the same period of the previous year) / Net cash flow from operating activities amount in the same period of the previous year. If the denominator is not disclosed, zero, or less than zero, the result is represented as NULL."
F082601B,[Sustainable Growth Rate] - Calculation formula: (Net profit / Ending balance of total owner's equity) * [1 - Pre-tax dividend per share / (Net profit amount in the current period / Ending value of paid-in capital in the current period)] / (1 - Numerator); Return on equity * Retention ratio / (1 - Return on equity * Retention ratio) is the standard formula for this indicator.
F082701A,"[Owner's Equity Growth Rate A] - Calculation formula: (Ending value of owner's equity in the current period - Beginning value of owner's equity in the current period) / Beginning value of owner's equity in the current period. If the denominator is not disclosed, zero, or less than zero, the result is represented as NULL."
F082702A,"[Owner's Equity Growth Rate B] - Calculation formula: (Ending value of owner's equity in the current period - Ending value of owner's equity in the same period of the previous year) / Ending value of owner's equity in the same period of the previous year. If the denominator is not disclosed, zero, or less than zero, the result is represented as NULL."
F082801A,"[Net Asset per Share Growth Rate B] - Calculation formula: (Ending value of net assets per share in the current period - Ending value of net assets per share in the same period of the previous year) / Ending value of net assets per share in the same period of the previous year. Among them, Net assets per share = (Total owner's equity) / (Paid-in capital)."
F082802A,"[Net Asset per Share Growth Rate A] - Calculation formula: (Ending value of net assets per share in the current period - Beginning value of net assets per share in the current period) / Beginning value of net assets per share in the current period. Among them, Net assets per share = (Total owner's equity) / (Paid-in capital)."
F082703A,[Owner's Equity Growth Rate C] - Calculation formula: (Total owner's equity amount in the current period - Total owner's equity amount in the same period of the previous year) / (ABS Total owner's equity amount in the same period of the previous year).
F082803A,[Net Asset per Share Growth Rate C] - Calculation formula: [(Total owner's equity amount in the current period / Paid-in capital (or Share capital) amount in the current period) - (Total owner's equity amount in the same period of the previous year / Paid-in capital (or Share capital) amount in the same period of the previous year)] / [(ABS Total owner's equity amount in the same period of the previous year) / (Paid-in capital (or Share capital) amount in the same period of the previous year)].
F080703B,[Return on Equity Growth Rate C] - Calculation formula: ((Net profit amount in the current period / Ending balance of total owner's equity during the current period) - (Net profit amount in the same period of the previous year / Ending balance of total owner's equity in the same period of the previous year)) / ((ABS Net profit amount in the same period of the previous year) / (ABS Ending balance of total owner's equity in the same period of the previous year)).
F081003B,[Net Profit Growth Rate C] - Calculation formula: (Net profit amount in the current period of the current year - Net profit amount in the same period of the previous year) / (ABS Net profit amount in the same period of the previous year).
F081603B,[Operating Income Growth Rate C] - Calculation formula: (Operating income amount in the current period of the current year - Operating income amount in the same period of the previous year) / (ABS Operating income amount in the same period of the previous year).
F080603A,[Total Assets Growth Rate C] - Calculation formula: (Ending value of total assets in the current period - Ending value of total assets in the same period of the previous year) / (ABS Ending value of total assets in the same period of the previous year).
F081103B,[Total Profit Growth Rate C] - Calculation formula: (Total profit amount in the current period of the current year - Total profit amount in the same period of the previous year) / (ABS Total profit amount in the same period of the previous year).
F080503A,[Fixed Assets Growth Rate C] - Calculation formula: (Ending net value of fixed assets in the current period - Ending net value of fixed assets in the same period of the previous year) / (ABS Ending net value of fixed assets in the same period of the previous year).
F080803B,[Basic Earnings Per Share Growth Rate C] - Calculation formula: (Basic earnings per share amount in the current period of the current year - Basic earnings per share amount in the same period of the previous year) / (ABS Basic earnings per share amount in the same period of the previous year).
F081203B,[Operating Profit Growth Rate C] - Calculation formula: (Operating profit amount in the current period of the current year - Operating profit amount in the same period of the previous year) / (ABS Operating profit amount in the same period of the previous year).
F082602B,[Sustainable Growth Rate 2] - Calculation formula: (Net profit / Ending balance of total owner's equity) * [1 - Pre-tax dividend per share / (Net profit amount in the current period / Latest share capital)] / (1 - Numerator).
F082603B,"[Sustainable Growth Rate 3] - Calculation formula: (Net profit / Average balance of total owner's equity) * [1 - Pre-tax dividend per share / (Net profit amount in the current period / Average value of paid-in capital)]. That is, Sustainable growth rate = Return on equity * (1 - Dividend payout ratio); Average balance = (Beginning balance + Ending balance) / 2."
F090101B,"[Earnings Per Share 1] - Calculation formula: Net profit amount in the current period / Ending value of paid-in capital in the current period. If the denominator is not disclosed or is zero, the result is represented as NULL."
F090101C,"[Earnings Per Share TTM 1] - Calculation formula: (Net profit) TTM / Ending value of paid-in capital in the current period. If the denominator is not disclosed or is zero, the result is represented as NULL."
F090102B,"[Earnings Per Share 2] - Calculation formula: Net profit amount in the current period / Latest share capital. If the denominator is not disclosed or is zero, the result is represented as NULL."
F090102C,"[EPS TTM 2] - Calculation formula: (Net profit) TTM / Latest share capital. If the denominator is not disclosed or is zero, the result is represented as NULL."
F090103B,"[EPS 3] - Calculation formula: (Net profit - Non-operating income + Non-operating expenses) amount in the current period / Ending balance of paid-in capital in the current period. If the denominator is not disclosed or is zero, the result is represented as NULL."
F090103C,"[EPS TTM 3] - Calculation formula: (Net profit - Non-operating income + Non-operating expenses) TTM / Ending balance of paid-in capital in the current period. If the denominator is not disclosed or is zero, the result is represented as NULL."
F090104B,"[EPS 4] - Calculation formula: (Net profit - Non-operating income + Non-operating expenses) amount in the current period / Latest share capital. If the denominator is not disclosed or is zero, the result is represented as NULL."
F090104C,"[EPS TTM 4] - Calculation formula: (Net profit - Non-operating income + Non-operating expenses) TTM / Latest share capital. If the denominator is not disclosed or is zero, the result is represented as NULL."
F090201B,"[Comprehensive EPS 1] - Calculation formula: (Total comprehensive income) amount in the current period / Ending balance of paid-in capital in the current period. If the denominator is not disclosed or is zero, the result is represented as NULL."
F090201C,"[Comprehensive EPS TTM 1] - Calculation formula: (Total comprehensive income) TTM / Ending balance of paid-in capital in the current period. If the denominator is not disclosed or is zero, the result is represented as NULL."
F090202B,"[Comprehensive EPS 2] - Calculation formula: Total comprehensive income amount in the current period / Latest share capital. If the denominator is not disclosed or is zero, the result is represented as NULL."
F090202C,"[Comprehensive EPS TTM 2] - Calculation formula: (Total comprehensive income) TTM / Latest share capital. If the denominator is not disclosed or is zero, the result is represented as NULL."
F090301B,"[EPS Attributable to Parent Company 1] - Calculation formula: Net profit attributable to parent company owners amount in the current period / Ending balance of paid-in capital in the current period. If the denominator is not disclosed or is zero, the result is represented as NULL."
F090301C,"[EPS Attributable to Parent Company TTM 1] - Calculation formula: (Net profit attributable to parent company owners) TTM / Ending balance of paid-in capital in the current period. If the denominator is not disclosed or is zero, the result is represented as NULL."
F090401B,"[Comprehensive EPS Attributable to Parent Company 1] - This description seems to have a logical issue as it's calculating comprehensive EPS with just net profit attributable to parent company owners. If it's a correct formula, Calculation formula: Net profit attributable to parent company owners amount in the current period / Ending balance of paid-in capital in the current period. If the denominator is not disclosed or is zero, the result is represented as NULL."
F090401C,"[Comprehensive EPS Attributable to Parent Company TTM 1] - Similar to above, check the formula logic. Calculation formula: (Net profit attributable to parent company owners) TTM / Ending balance of paid-in capital in the current period. If the denominator is not disclosed or is zero, the result is represented as NULL."
F090501B,"[Operating Revenue per Share 1] - Calculation formula: Total operating revenue amount in the current period / Ending balance of paid-in capital in the current period. If the denominator is not disclosed or is zero, the result is represented as NULL."
F090501C,"[Operating Revenue per Share TTM 1] - Calculation formula: (Total operating revenue) TTM / Ending balance of paid-in capital in the current period. If the denominator is not disclosed or is zero, the result is represented as NULL."
F090601B,"[Operating Income per Share 1] - Calculation formula: Operating income amount in the current period / Ending balance of paid-in capital in the current period. If the denominator is not disclosed or is zero, the result is represented as NULL."
F090601C,"[Operating Income per Share TTM 1] - Calculation formula: (Operating income) TTM / Ending balance of paid-in capital in the current period. If the denominator is not disclosed or is zero, the result is represented as NULL."
F090701B,"[EBIT per Share 1] - Calculation formula: (Net profit + Income tax expenses + Financial expenses) amount in the current period / Ending balance of paid-in capital in the current period. If the denominator is not disclosed or is zero, the result is represented as NULL."
F090701C,"[EBIT per Share TTM 1] - Calculation formula: (Net profit + Income tax expenses + Financial expenses) TTM / Ending balance of paid-in capital in the current period. If the denominator is not disclosed or is zero, the result is represented as NULL."
F090801B,"[EBITDA per Share 1] - Calculation formula: (Net profit + Income tax expenses + Financial expenses + Depreciation of fixed assets, Depletion of oil and gas assets, Depreciation of productive biological assets + Amortization of intangible assets + Amortization of long-term deferred expenses) amount in the current period / Ending balance of paid-in capital in the current period. If the denominator is not disclosed or is zero, the result is represented as NULL."
F090801C,"[EBITDA per Share TTM 1] - Calculation formula: (Net profit + Income tax expenses + Financial expenses + Depreciation of fixed assets, Depletion of oil and gas assets, Depreciation of productive biological assets + Amortization of intangible assets + Amortization of long-term deferred expenses) TTM / Ending balance of paid-in capital in the current period. If the denominator is not disclosed or is zero, the result is represented as NULL."
F090901B,"[Operating Profit per Share 1] - Calculation formula: Operating profit amount in the current period / Ending balance of paid-in capital in the current period. If the denominator is not disclosed or is zero, the result is represented as NULL."
F090901C,"[Operating Profit per Share TTM 1] - Calculation formula: (Operating profit) TTM / Ending balance of paid-in capital in the current period. If the denominator is not disclosed or is zero, the result is represented as NULL."
F091001A,"[Net Asset per Share 1] - Calculation formula: Ending balance of total owner's equity / Ending balance of paid-in capital in the current period. If the denominator is not disclosed or is zero, the result is represented as NULL."
F091101A,"[Tangible Asset per Share 1] - Calculation formula: (Total assets - Net intangible assets - Net goodwill) ending value / Ending balance of paid-in capital in the current period. If the denominator is not disclosed or is zero, the result is represented as NULL."
F091201A,"[Liability per Share 1] - Calculation formula: Ending balance of total liabilities / Ending balance of paid-in capital in the current period. If the denominator is not disclosed or is zero, the result is represented as NULL."
F091301A,"[Capital Reserve per Share 1] - Calculation formula: Ending balance of capital reserve / Ending balance of paid-in capital in the current period. If the denominator is not disclosed or is zero, the result is represented as NULL."
F091401A,"[Surplus Reserve per Share 1] - Calculation formula: Ending balance of surplus reserve / Ending balance of paid-in capital in the current period. If the denominator is not disclosed or is zero, the result is represented as NULL."
F091501A,"[Undistributed Profit per Share 1] - Calculation formula: Ending balance of undistributed profit / Ending balance of paid-in capital in the current period. If the denominator is not disclosed or is zero, the result is represented as NULL."
F091601A,"[Retained Earnings per Share 1] - Calculation formula: (Ending balance of surplus reserve + Ending balance of undistributed profit) / Ending balance of paid-in capital in the current period. If the denominator is not disclosed or is zero, the result is represented as NULL."
F091701A,"[Net Asset per Share Attributable to Parent Company 1] - Calculation formula: Ending balance of total equity attributable to parent company owners / Ending balance of paid-in capital in the current period. If the denominator is not disclosed or is zero, the result is represented as NULL."
F091801B,"[Net Cash Flow from Operating Activities per Share 1] - Calculation formula: Net cash flow from operating activities amount in the current period / Ending balance of paid-in capital in the current period. If the denominator is not disclosed or is zero, the result is represented as NULL."
F091801C,"[Net Cash Flow from Operating Activities per Share TTM 1] - Calculation formula: (Net cash flow from operating activities) TTM / Ending balance of paid-in capital in the current period. If the denominator is not disclosed or is zero, the result is represented as NULL."
F091901B,"[Net Cash Flow from Investing Activities per Share 1] - Calculation formula: Net cash flow from investing activities amount in the current period / Ending balance of paid-in capital in the current period. If the denominator is not disclosed or is zero, the result is represented as NULL."
F091901C,"[Net Cash Flow from Investing Activities per Share TTM 1] - Calculation formula: (Net cash flow from investing activities) TTM / Ending balance of paid-in capital in the current period. If the denominator is not disclosed or is zero, the result is represented as NULL."
F092001B,"[Net Cash Flow from Financing Activities per Share 1] - Calculation formula: Net cash flow from financing activities amount in the current period / Ending balance of paid-in capital in the current period. If the denominator is not disclosed or is zero, the result is represented as NULL."
F092001C,"[Net Cash Flow from Financing Activities per Share TTM 1] - Calculation formula: (Net cash flow from financing activities) TTM / Ending balance of paid-in capital in the current period. If the denominator is not disclosed or is zero, the result is represented as NULL."
F092101B,"[Free Cash Flow per Share 1] - Calculation formula: (Net increase in cash and cash equivalents - Net cash flow from financing activities) amount in the current period / Ending balance of paid-in capital in the current period. If the denominator is not disclosed or is zero, the result is represented as NULL."
F092101C,"[Free Cash Flow per Share TTM 1] - Calculation formula: (Net increase in cash and cash equivalents - Net cash flow from financing activities) TTM / Ending balance of paid-in capital in the current period. If the denominator is not disclosed or is zero, the result is represented as NULL."
F092201B,"[Equity Free Cash Flow per Share 1] - Calculation formula: (Net increase in cash and cash equivalents - Cash received from equity investment + Cash paid for dividends, profits, or interest) amount in the current period / Ending balance of paid-in capital in the current period. If the denominator is not disclosed or is zero, the result is represented as NULL."
F092201C,"[Equity Free Cash Flow per Share TTM 1] - Calculation formula: (Net increase in cash and cash equivalents - Cash received from equity investment + Cash paid for dividends, profits, or interest) TTM / Ending balance of paid-in capital in the current period. If the denominator is not disclosed or is zero, the result is represented as NULL."
F092301B,"[Depreciation and Amortization per Share 1] - Calculation formula: (Depreciation of fixed assets, Depletion of oil and gas assets, Depreciation of productive biological assets + Amortization of intangible assets + Amortization of long-term deferred expenses) amount in the current period / Ending balance of paid-in capital in the current period. If the denominator is not disclosed or is zero, the result is represented as NULL."
F092301C,"[Depreciation and Amortization per Share TTM 1] - Calculation formula: (Depreciation of fixed assets, Depletion of oil and gas assets, Depreciation of productive biological assets + Amortization of intangible assets + Amortization of long-term deferred expenses) TTM / Ending balance of paid-in capital in the current period. If the denominator is not disclosed or is zero, the result is represented as NULL."
F092401B,"[Original Free Cash Flow per Share] - Calculation formula: [(Net profit + Income tax expenses + Financial expenses) * (Net profit) / (Net profit + Income tax expenses) + Depreciation of fixed assets, Depletion of oil and gas assets, Depreciation of productive biological assets + Amortization of intangible assets + Amortization of long-term deferred expenses - Net cash flow from financing activities - (Change in total current assets - Change in total current liabilities during the current period)] / Ending balance of paid-in capital in the current period. If the denominator is not disclosed or is zero, the result is represented as NULL."
F092501B,"[Original Equity Free Cash Flow per Share] - Calculation formula: (Net profit + Depreciation of fixed assets, Depletion of oil and gas assets, Depreciation of productive biological assets + Amortization of intangible assets + Amortization of long-term deferred expenses - Net cash flow from financing activities - (Change in total current assets - Change in total current liabilities during the current period) - Cash paid for debt repayment + Cash received from issuing bonds) / Ending balance of paid-in capital in the current period. If the denominator is not disclosed or is zero, the result is represented as NULL."
F092601B,"[Net Cash Flow per Share 1] - Calculation formula: Net increase in cash and cash equivalents amount in the current period / Ending balance of paid-in capital in the current period. If the denominator is not disclosed or is zero, the result is represented as NULL."
F092601C,"[Net Cash Flow per Share TTM 1] - Calculation formula: (Net increase in cash and cash equivalents) TTM / Ending balance of paid-in capital in the current period. If the denominator is not disclosed or is zero, the result is represented as NULL."
F092602B,"[Net Cash Flow per Share 2] - Calculation formula: Net increase in cash and cash equivalents amount in the current period / Latest share capital. If the denominator is not disclosed or is zero, the result is represented as NULL."
F092602C,"[Net Cash Flow per Share TTM 2] - Calculation formula: (Net increase in cash and cash equivalents) TTM / Latest share capital. If the denominator is not disclosed or is zero, the result is represented as NULL."
F090302B,"[EPS Attributable to Parent Company 2] - Calculation formula: (Net profit attributable to parent company owners) amount in the current period / Latest share capital. If the denominator is not disclosed or is zero, the result is represented as NULL."
F090302C,"[EPS Attributable to Parent Company TTM 2] - Calculation formula: (Net profit attributable to parent company owners) TTM / Latest share capital. If the denominator is not disclosed or is zero, the result is represented as NULL."
F090402B,"[Comprehensive EPS Attributable to Parent Company 2] - Calculation formula: (Total comprehensive income attributable to parent company owners) amount in the current period / Latest share capital. If the denominator is not disclosed or is zero, the result is represented as NULL."
F090402C,"[Comprehensive EPS Attributable to Parent Company TTM 2] - Calculation formula: (Total comprehensive income attributable to parent company owners) TTM / Latest share capital. If the denominator is not disclosed or is zero, the result is represented as NULL."
F090502B,"[Operating Revenue per Share 2] - Calculation formula: (Total operating revenue) amount in the current period / Latest share capital. If the denominator is not disclosed or is zero, the result is represented as NULL."
F090502C,"[Operating Revenue per Share TTM 2] - Calculation formula: (Total operating revenue) TTM / Latest share capital. If the denominator is not disclosed or is zero, the result is represented as NULL."
F090602B,"[Operating Income per Share 2] - Calculation formula: (Operating income) amount in the current period / Latest share capital. If the denominator is not disclosed or is zero, the result is represented as NULL."
F090602C,"[Operating Income per Share TTM 2] - Calculation formula: (Operating income) TTM / Latest share capital. If the denominator is not disclosed or is zero, the result is represented as NULL."
F090702B,"[EBIT per Share 2] - Calculation formula: (Net profit + Income tax expenses + Financial expenses) amount in the current period / Latest share capital. If the denominator is not disclosed or is zero, the result is represented as NULL."
F090702C,"[EBIT per Share TTM 2] - Calculation formula: (Net profit + Income tax expenses + Financial expenses) TTM / Latest share capital. If the denominator is not disclosed or is zero, the result is represented as NULL."
F090802B,"[EBITDA per Share 2] - Calculation formula: (Net profit + Income tax expenses + Financial expenses + Depreciation of fixed assets, Depletion of oil and gas assets, Depreciation of productive biological assets + Amortization of intangible assets + Amortization of long-term deferred expenses) amount in the current period / Latest share capital. If the denominator is not disclosed or is zero, the result is represented as NULL."
F090802C,"[EBITDA per Share TTM 2] - Calculation formula: (Net profit + Income tax expenses + Financial expenses + Depreciation of fixed assets, Depletion of oil and gas assets, Depreciation of productive biological assets + Amortization of intangible assets + Amortization of long-term deferred expenses) TTM / Latest share capital. If the denominator is not disclosed or is zero, the result is represented as NULL."
F090902B,"[Operating Profit per Share 2] - Calculation formula: (Operating profit) amount in the current period / Latest share capital. If the denominator is not disclosed or is zero, the result is represented as NULL."
F090902C,"[Operating Profit per Share TTM 2] - Calculation formula: (Operating profit) TTM / Latest share capital. If the denominator is not disclosed or is zero, the result is represented as NULL."
F091002A,"[Net Asset per Share 2] - Calculation formula: (Total owner's equity) ending value / Latest share capital. If the denominator is not disclosed or is zero, the result is represented as NULL."
F091102A,"[Tangible Asset per Share 2] - Calculation formula: (Total assets - Net intangible assets - Net goodwill) ending value / Latest share capital. If the denominator is not disclosed or is zero, the result is represented as NULL."
F091202A,"[Liability per Share 2] - Calculation formula: (Total liabilities) ending value / Latest share capital. If the denominator is not disclosed or is zero, the result is represented as NULL."
F091302A,"[Capital Reserve per Share 2] - Calculation formula: (Capital reserve) ending value / Latest share capital. If the denominator is not disclosed or is zero, the result is represented as NULL."
F091402A,"[Surplus Reserve per Share 2] - Calculation formula: (Surplus reserve) ending value / Latest share capital. If the denominator is not disclosed or is zero, the result is represented as NULL."
F091502A,"[Undistributed Profit per Share 2] - Calculation formula: (Undistributed profit) ending value / Latest share capital. If the denominator is not disclosed or is zero, the result is represented as NULL."
F091602A,"[Retained Earnings per Share 2] - Calculation formula: (Ending balance of surplus reserve + Ending balance of undistributed profit) / Latest share capital. If the denominator is not disclosed or is zero, the result is represented as NULL."
F091702A,"[Net Asset per Share Attributable to Parent Company 2] - Calculation formula: (Ending balance of total equity attributable to parent company owners) / Latest share capital. If the denominator is not disclosed or is zero, the result is represented as NULL."
F091802B,"[Net Cash Flow from Operating Activities per Share 2] - Calculation formula: (Net cash flow from operating activities) amount in the current period / Latest share capital. If the denominator is not disclosed or is zero, the result is represented as NULL."
F091802C,"[Net Cash Flow from Operating Activities per Share TTM 2] - Calculation formula: (Net cash flow from operating activities) TTM / Latest share capital. If the denominator is not disclosed or is zero, the result is represented as NULL."
F091902B,"[Net Cash Flow from Investing Activities per Share 2] - Calculation formula: (Net cash flow from investing activities) amount in the current period / Latest share capital. If the denominator is not disclosed or is zero, the result is represented as NULL."
F091902C,"[Net Cash Flow from Investing Activities per Share TTM 2] - Calculation formula: (Net cash flow from investing activities) TTM / Latest share capital. If the denominator is not disclosed or is zero, the result is represented as NULL."
F092002B,"[Net Cash Flow from Financing Activities per Share 2] - Calculation formula: (Net cash flow from financing activities) amount in the current period / Latest share capital. If the denominator is not disclosed or is zero, the result is represented as NULL."
F092002C,"[Net Cash Flow from Financing Activities per Share TTM 2] - Calculation formula: (Net cash flow from financing activities) TTM / Latest share capital. If the denominator is not disclosed or is zero, the result is represented as NULL."
F092102B,"[Free Cash Flow per Share 2] - Calculation formula: (Net increase in cash and cash equivalents - Net cash flow from financing activities) amount in the current period / Latest share capital. If the denominator is not disclosed or is zero, the result is represented as NULL."
F092102C,"[Free Cash Flow per Share TTM 2] - Calculation formula: (Net increase in cash and cash equivalents - Net cash flow from financing activities) TTM / Latest share capital. If the denominator is not disclosed or is zero, the result is represented as NULL."
F092202B,"[Equity Free Cash Flow per Share 2] - Calculation formula: (Net increase in cash and cash equivalents - Cash received from equity investment + Cash paid for dividends, profits, or interest) amount in the current period / Latest share capital. If the denominator is not disclosed or is zero, the result is represented as NULL."
F092202C,"[Equity Free Cash Flow per Share TTM 2] - Calculation formula: (Net increase in cash and cash equivalents - Cash received from equity investment + Cash paid for dividends, profits, or interest) TTM / Latest share capital. If the denominator is not disclosed or is zero, the result is represented as NULL."
F092302B,"[Depreciation and Amortization per Share 2] - Calculation formula: (Depreciation of fixed assets, Depletion of oil and gas assets, Depreciation of productive biological assets + Amortization of intangible assets + Amortization of long-term deferred expenses) amount in the current period / Latest share capital. If the denominator is not disclosed or is zero, the result is represented as NULL."
F092302C,"[Depreciation and Amortization per Share TTM 2] - Calculation formula: (Depreciation of fixed assets, Depletion of oil and gas assets, Depreciation of productive biological assets + Amortization of intangible assets + Amortization of long-term deferred expenses) TTM / Latest share capital. If the denominator is not disclosed or is zero, the result is represented as NULL."
F092103B,"[Free Cash Flow per Share 3] - Calculation formula: [(Net profit + Income tax expenses + Financial expenses) * Net profit / (Net profit + Income tax expenses) + Depreciation of fixed assets, Depletion of oil and gas assets, Depreciation of productive biological assets + Amortization of intangible assets + Amortization of long-term deferred expenses - Net cash flow from financing activities - (Change in total current assets - Change in total current liabilities during the current period)] / Latest share capital. If the denominator is not disclosed or is zero, the result is represented as NULL."
F092103C,"[Equity Free Cash Flow per Share 3] - Calculation formula: [Net profit + Depreciation of fixed assets, Depletion of oil and gas assets, Depreciation of productive biological assets + Amortization of intangible assets + Amortization of long-term deferred expenses - Net cash flow from financing activities -(Change in total current assets - Change in total current liabilities during the current period) - Cash paid for debt repayment + Cash received from issuing bonds] / Latest share capital. If the denominator is not disclosed or is zero, the result is represented as NULL."
F100101B,"[Price-Earnings Ratio (PE) 1] - When the statistical cutoff date is XXXX-12-31: Calculation formula: Current closing price / (Net profit of the current annual report / Ending balance of paid-in capital in the current period). When the statistical cutoff date is not XXXX-12-31: Calculation formula: Current closing price / (Net profit of the previous annual report / Ending balance of paid-in capital in the current period). If the denominator is not disclosed or is zero, the result is represented as NULL."
F100102B,"[Price-Earnings Ratio (PE) 2] - Calculation formula: Current closing price / (Adjustment factor * Net profit for the current period / Ending balance of paid-in capital for the current period). If the denominator is not disclosed or is zero, the result is represented as NULL. Adjustment factor: The adjustment factor is related to the accounting period of the (income statement items), that is, the difference in months between the start date and the end date. It is calculated as 12 / (number of months interval). For example, for the first quarter, it is 12/3; for the first 6 months, it is 12/6; for the period from January to September, it is 12/9; and for the whole year, it is 1. The same below."
F100103C,"[Price-Earnings Ratio (PE) TTM] - Calculation formula: Current closing price / (Net profit TTM / Ending balance of paid-in capital for the current period). If the denominator is not disclosed or is zero, the result is represented as NULL."
F100201B,"[Price-Sales Ratio (PS) 1] - Calculation formula: Current closing price / (Total operating revenue of the previous annual report / Ending balance of paid-in capital for the current period). If the denominator is not disclosed or is zero, the result is represented as NULL."
F100202B,"[Price-Sales Ratio (PS) 2] - Calculation formula: Current closing price / (Adjustment factor * Total operating revenue for the current period / Ending balance of paid-in capital for the current period). If the denominator is not disclosed or is zero, the result is represented as NULL."
F100203C,"[Price-Sales Ratio (PS) TTM] - Calculation formula: Current closing price / (Total operating revenue TTM / Ending balance of paid-in capital for the current period). If the denominator is not disclosed or is zero, the result is represented as NULL."
F100301B,"[Price-Cash Flow Ratio (PCF) 1] - Calculation formula: Current closing price / (Net cash flow from operating activities of the previous annual report / Ending balance of paid-in capital for the current period). If the denominator is not disclosed or is zero, the result is represented as NULL."
F100302B,"[Price-Cash Flow Ratio (PCF) 2] - Calculation formula: Current closing price / (Adjustment factor * Net cash flow from operating activities for the current period / Ending balance of paid-in capital for the current period). If the denominator is not disclosed or is zero, the result is represented as NULL."
F100303C,"[Price-Cash Flow Ratio (PCF) TTM] - Calculation formula: Current closing price / (Net cash flow from operating activities TTM / Ending balance of paid-in capital for the current period). If the denominator is not disclosed or is zero, the result is represented as NULL."
F100401A,"[Price-Book Ratio (PB)] - Calculation formula: Current closing price / (Total owner's equity ending value / Ending balance of paid-in capital for the current period). If the denominator is not disclosed or is zero, the result is represented as NULL."
F100501A,"[Market Value to Tangible Assets Ratio] - Calculation formula: Current closing price / [(Total assets - Net intangible assets - Net goodwill) ending value / Ending balance of paid-in capital for the current period]. If the denominator is not disclosed or is zero, the result is represented as NULL."
F100601B,"[Price-Earnings Ratio Attributable to Parent Company (PE) 1] - Calculation formula: Current closing price / (Net profit attributable to parent company owners of the previous annual report / Ending balance of paid-in capital for the current period). If the denominator is not disclosed or is zero, the result is represented as NULL."
F100602B,"[Price-Earnings Ratio Attributable to Parent Company (PE) 2] - Calculation formula: Current closing price / (Adjustment factor * Net profit attributable to parent company owners for the current period / Ending balance of paid-in capital for the current period). If the denominator is not disclosed or is zero, the result is represented as NULL."
F100603C,"[Price-Earnings Ratio Attributable to Parent Company (PE) TTM] - Calculation formula: Current closing price / [(Net profit attributable to parent company owners) TTM / Ending balance of paid-in capital for the current period]. If the denominator is not disclosed or is zero, the result is represented as NULL."
F100701A,"[Price-Book Ratio Attributable to Parent Company (PB)] - Calculation formula: Current closing price / (Total equity attributable to parent company owners ending value / Ending balance of paid-in capital for the current period). If the denominator is not disclosed or is zero, the result is represented as NULL."
F100801A,"[Market Value A] - Calculation formula: A-shares * Current closing price of A-shares in the current period + Domestic listed foreign capital shares B-shares * Current closing price of B-shares in the current period (For Shanghai Stock Exchange, multiply by CNY_USD; for Shenzhen Stock Exchange, divide by HKD_CNY, and convert to RMB) + (Total number of shares - RMB ordinary shares - Domestic listed foreign capital shares B-shares) * (Total owner's equity ending value / Ending balance of paid-in capital in the current period) + Total liabilities ending value in the current period. If the denominator is not disclosed or is zero or less than zero, the result is represented as NULL."
F100802A,"[Market Value B] - Calculation formula: (Total share capital - Domestic listed foreign capital shares B-shares) * Current closing price of A-shares in the current period + Domestic listed foreign capital shares B-shares * Current closing price of B-shares in the current period (For Shanghai Stock Exchange, multiply by CNY_USD; for Shenzhen Stock Exchange, divide by HKD_CNY, and convert to RMB) + Total liabilities ending value in the current period. If the denominator is not disclosed or is zero or less than zero, the result is represented as NULL."
F100901A,"[Tobin's Q A] - Calculation formula: Market Value A / Total assets. If the denominator is not disclosed or is zero or less than zero, the result is represented as NULL."
F100902A,"[Tobin's Q B] - Calculation formula: Market Value A / (Total assets - Net intangible assets - Net goodwill). If the denominator is not disclosed or is zero or less than zero, the result is represented as NULL."
F100903A,"[Tobin's Q C] - Calculation formula: Market Value B / Total assets. If the denominator is not disclosed or is zero or less than zero, the result is represented as NULL."
F100904A,"[Tobin's Q D] - Calculation formula: Market Value B / (Total assets - Net intangible assets - Net goodwill). If the denominator is not disclosed or is zero or less than zero, the result is represented as NULL."
F101001A,"[Book to Market Ratio A] - Calculation formula: Total assets / Market Value A. If the denominator is not disclosed or is zero or less than zero, the result is represented as NULL."
F101002A,"[Book to Market Ratio B] - Calculation formula: Total assets / Market Value B. If the denominator is not disclosed or is zero or less than zero, the result is represented as NULL."
F101101B,"[Price to Dividend Ratio] - Calculation formula: Current closing price at the end of the current period / Post-tax dividend per share. If the denominator is not disclosed or is zero or less than zero, the result is represented as NULL."
F101201B,"[Common Stock Yield A] - Calculation formula: Post-tax dividend per share / Current closing price in the current period. If the denominator is not disclosed or is zero or less than zero, the result is represented as NULL."
F101202B,"[Common Stock Yield B] - Calculation formula: Post-tax dividend per share / Current closing price in the current period + (Current closing price in the current period - Closing price at the beginning of the current period) / Closing price at the beginning of the current period. If the denominator is not disclosed or is zero or less than zero, the result is represented as NULL."
F101301B,"[Enterprise Value Multiple] - Calculation formula: Total market value / Earnings Before Interest, Tax, Depreciation and Amortization (EBITDA). If the denominator is not disclosed or is zero or less than zero, the result is represented as NULL."
F101302C,"[Enterprise Value Multiple TTM] - Calculation formula: Total market value / EBITDA TTM. If the denominator is not disclosed or is zero or less than zero, the result is represented as NULL."
F110101B,"[Pre-tax Cash Dividend per Share] - The pre-tax cash dividend per share is extracted from the ""cash dividend per 10 shares (including tax)"" in the profit distribution implementation plan. Calculation formula: Cash dividend per 10 shares (including tax) / 10."
F110201B,"[Post-tax Cash Dividend per Share] - The post-tax cash dividend per share is extracted from the ""cash dividend per 10 shares (excluding tax)"" in the profit distribution implementation plan. Calculation formula: Cash dividend per 10 shares (excluding tax) / 10. Since 2015, the report does not disclose the post-tax dividend amount separately. Instead, different tax rates are applied to different investment entities to calculate the tax amount. Therefore, this field collects the pre-tax cash dividend per share."
F110301B,"[Dividend Payout Ratio] - Calculation formula: Pre-tax dividend per share / (Net profit in the current period / Ending balance of paid-in capital in the current period). If the denominator is not disclosed or is zero or less than zero, the result is represented as NULL."
F110401B,[Dividend Change Value per Share] - Calculation formula: Pre-tax dividend per share in the current period - Pre-tax dividend per share in the same period of the previous year
F110501B,"[Dividend Change Rate per Share] - Calculation formula: (Pre-tax dividend per share in the current period - Pre-tax dividend per share in the same period of the previous year) / Pre-tax dividend per share in the same period of the previous year. If the denominator is not disclosed or is zero or less than zero, the result is represented as NULL."
F110601B,"[Cash Dividend Coverage Ratio] - Calculation formula: (Net cash flow from operating activities in the current period / Ending balance of paid-in capital in the current period) / Pre-tax dividend per share. If the denominator is not disclosed or is zero or less than zero, the result is represented as NULL."
F110701B,"[Dividend Multiple] - Calculation formula: (Net profit in the current period / Ending balance of paid-in capital in the current period) / Pre-tax dividend per share. If the denominator is not disclosed or is zero or less than zero, the result is represented as NULL."
F110801B,"[Retention Rate] - Calculation formula: 1 - (Pre-tax dividend per share / (Net profit in the current period / Ending balance of paid-in capital in the current period)). If the denominator is not disclosed or is zero or less than zero, the result is represented as NULL."
F110302B,"[Dividend Payout Ratio 2] - Calculation formula: Pre-tax dividend per share / (Net profit / Latest share capital). If the denominator is not disclosed or is zero or less than zero, the result is represented as NULL."
F110303B,"[Dividend Payout Ratio 3] - Calculation formula: Pre-tax dividend per share / (Net profit / Average balance of paid-in capital). Average balance = (Ending balance + Beginning balance) / 2. If the denominator is not disclosed or is zero or less than zero, the result is represented as NULL."
LargestHolderRate,"[Shareholding Ratio of the Largest Shareholder (%)] - The shareholding ratio of the largest shareholder, calculated as a percentage."
TopTenHoldersRate,"[Shareholding Ratio of the Top Ten Shareholders (%)] - The sum of the shareholding ratios of the top ten shareholders, calculated as a percentage."
Seperation,"[Separation Rate of Two Powers (%)] - The difference between the control rights and ownership rights of the actual controller over the listed company, calculated as a percentage."
PropertyRightsNature,"[Nature of Property Rights] - Judged according to the nature of actual control. 0: Non-state-owned enterprises; 1: State-owned enterprises. If the nature of the actual controller is a state-owned enterprise, administrative institution, public institution, central institution, or local institution, it is classified as a state-owned enterprise; otherwise, it is a non-state-owned enterprise. If there are multiple actual controllers, as long as one of them is a state-owned enterprise, it is judged as 1."
OwnershipProportion,"[Proportion of Ownership of the Actual Controller in the Listed Company] - Also known as cash flow rights. It refers to the ownership of the listed company held by the actual controller through means such as concerted actions, multiple pyramid shareholdings, and cross-shareholdings. The calculation of ownership in this database adopts the methods of La Porta, R., F. Lopez-de-Salines, A. Shleifer (1999) and S., S. Djankov, J. Fan, L. Lang (2000), that is, multiplying the holding ratio of each layer in the equity relationship chain between the actual controller and the listed company, or the sum of the products of the holding ratios of each layer in each equity relationship chain between the actual controller and the listed company. This data is calculated by CSMAR and is for reference only."
ControlProportion,"[Proportion of Control Rights of the Actual Controller in the Listed Company] - Also known as voting rights. The calculation of control rights in this database adopts the methods of La Porta, R., F. Lopez-de-Salines, A. Shleifer (1999) and S., S. Djankov, J. Fan, L. Lang (2000), that is, the weakest layer or the sum of the weakest layers in the equity relationship chain or several equity relationship chains between the actual controller and the listed company. This data is calculated by CSMAR and is for reference only."
ContrshrProportion,"[Shareholding Ratio of the Controlling Shareholder] - Give priority to the shareholding ratio of the controlling shareholder. If the report does not disclose the controlling shareholder, then choose the shareholding ratio of the largest shareholder."
ContrshrNature,"[Nature of the Controlling Shareholder] - 0: Non-state-owned enterprises; 1: State-owned enterprises. If the nature of the shares is national, state-owned legal person, or domestic state-owned legal person, it is judged as a state-owned enterprise; otherwise, it is a non-state-owned enterprise. If there are multiple controlling shareholders, as long as one of them is a state-owned enterprise, it is judged as 1."
SharesBalance,[Equity Balance Degree] - Calculation formula: Shareholding ratio of the 2nd to 5th largest shareholders / Shareholding ratio of the largest shareholder
ConcurrentPosition,[Combination of Two Positions] - Whether the chairman and the general manager are the same person; 0: No; 1: Yes.
Mngmhldn,"[Management Shareholding Ratio] - Calculation formula: The ratio of the number of shares held by directors, supervisors and senior management to the total number of shares"
Boardsize,[Board Size] - The number of directors on the board of directors
IndDirectorRatio,[Proportion of Independent Directors] - Calculation formula: The ratio of the number of independent directors to the total number of directors on the board
SupervisorSize,[Size of the Board of Supervisors] - Information not available
ExecutivesNumber,[Number of Senior Executives] - Information not available
MaleRatio,"[Proportion of Male Management] - The proportion of males among directors, supervisors and senior management. Those whose gender cannot be determined are not included in the calculation."
AverageAge,"[Average Age of Management] - The average age of all directors, supervisors and senior management in the company. Those directors, supervisors and senior management who have not disclosed their ages are not included in the calculation."
MngmFinancialBack,"[Whether Directors, Supervisors and Senior Management Have a Financial Background] - 0: No; 1: Yes. Whether any of the current directors, supervisors, and senior management have a financial background (the financial background includes past and current work backgrounds). If the resumes and other information of directors, supervisors, and senior management are not disclosed in the report, resulting in the lack of financial background data, this field will be left blank."
MngmOverseaBack,"[Whether Directors, Supervisors and Senior Management Have an Overseas Background] - 0: No; 1: Yes. Whether any of the current directors, supervisors, and senior management have an overseas background (the overseas background includes past and current study and work backgrounds). If the resumes and other information of directors, supervisors, and senior management are not disclosed in the report, resulting in the lack of overseas background data, this field will be left blank."
IsCocurP,"[Whether Directors, Supervisors and Senior Management Hold Concurrent Positions in Shareholder Units] - 0: No; 1: Yes. Whether any of the current directors, supervisors, and senior management hold concurrent positions in shareholder units (concurrent positions include both past and current situations). If the information about concurrent positions is not disclosed in the report, this field will be left blank."
ProfitPerCapita,[Profit per Capita] - Calculation formula: Net profit / Number of employees.
StaffIntensity,[Employee Density] - Calculation formula: The ratio of the number of employees at the end of the year to the annual operating income (the unit of operating income is in million yuan).
IndDirectorNetCentrality,"[Centrality of the Independent Director Network] - The higher the centrality, the greater the influence of the company in the independent director network. For the specific algorithm, please refer to the ""Centrality of the Independent Director Network"" in the instructions. The calculation reference is: Li Zhisheng, et al. ""The Regional Peer Effects of Corporate Excessive Indebtedness"" [J]. Journal of Financial Research, 2018."
OneControlMany,[Whether There is a Situation of One Controller Controlling Multiple Entities] - 0: No; 1: Yes. Whether there is a situation where the same actual controller controls multiple listed companies.
TextualSimilarity,"[Text Similarity Compared with the Previous Year] - If the statistical cutoff date is XXXX-06-30, it is compared with the semi-annual report of June 30 of the previous year. If the statistical cutoff date is XXXX-12-31, it is compared with the annual report of December 31 of the previous year. For the calculation of Chinese text similarity, first use the Jieba word segmentation tool to process the text. During the word segmentation process, Arabic numerals, punctuation marks, pictures, and tables are removed. Then, use the Latent Semantic Indexing (LSI) cosine similarity calculation method to calculate the text similarity of the MD&A section respectively."
EmotionTone2,"[Sentiment Tone 2] - Calculation formula: (Number of positive words - Number of negative words) / (Number of positive words + Number of negative words). The larger the value, the more positive the emotional tendency."
BusinessYear,[Business Operation Years] - Calculation formula: Business operation years = Observation year (current statistical cutoff date) - Year of enterprise establishment.
SA,"[SA Index] - Reflects the degree of corporate financing constraints. For the specific algorithm, please refer to the ""SA Index"" in the instructions."
KZ,"[KZ Index] - Reflects the degree of corporate financing constraints. For the specific algorithm, please refer to the ""KZ Index"" in the instructions."
ZScore,"[Z-value] - Reflects the company's financial distress. For the specific algorithm, please refer to the ""Z-value"" in the instructions. Using the Z-score method, 2.67 and 1.81 are used as critical values to calculate the range of the sample score. The judgment criteria are as follows: when Z > 2.67, the financial situation is good, and the possibility of bankruptcy is small; when Z < 1.81, it is in financial distress with a potential bankruptcy crisis; when 1.81 < Z < 2.67, it is in a gray area, indicating that the company's financial situation is extremely unstable, and the possibility of financial distress is high."
OScore,"[O-Score] - Reflects the company's financial distress. For the specific algorithm, please refer to the ""O-value & Risk Coefficient"" in the instructions."
Profitability,[Profitability] - Calculation formula: Return on Assets (ROA) = Net profit / Total assets.
IndLeverageRatioMedian,[Industry Median Leverage Ratio] - The median of the asset-liability ratio of the industry in which the company is located.
Growth,[Growth] - Calculation formula: Total asset growth rate = (Total assets at the end of the current period - Total assets at the end of the previous period) / Total assets at the end of the previous period.
FixedAssetsProp,[Proportion of Fixed Assets] - Calculation formula: Proportion of fixed assets = Fixed assets / Total assets.
ActualDebtRatio,"[Actual Debt Ratio] - Calculation formula: Book debt ratio = Total liabilities / Total assets. If the numerator is empty, the result is empty; if the numerator is 0, the result is 0; if the denominator is empty or 0, the result is empty."
TargetDebtRatio,"[Target Debt Ratio] - Reflects the company's target debt ratio. For the specific algorithm, please refer to the ""Target Debt Ratio"" in the instructions."
ExcessiveDebtDegree,[Degree of Over-indebtedness] - Calculation formula: Actual debt ratio - Target debt ratio.
DeleveragingDegree,"[Degree of Deleveraging] - Calculation formula: (Book debt ratio at the end of the current period - Book debt ratio at the end of the previous period) / Book debt ratio at the end of the previous period. The more negative this value is, the higher the degree of deleveraging."
TotalInvest,"[Total Investment] - Calculation formula: Total investment = Cash paid for the acquisition of fixed assets, intangible assets, and other long-term assets + Net cash paid for the acquisition of subsidiaries and other business units - Net cash received from the disposal of fixed assets, intangible assets, and other long-term assets - Net cash received from the disposal of subsidiaries and other business units."
MaintainInvest,"[Sustainable Investment] - Calculation formula: Sustainable investment = Depreciation of fixed assets + Amortization of intangible assets + Amortization of long-term deferred expenses. That is, it is an estimate of the total necessary investment costs to maintain the normal operation of machinery, equipment, and other operating assets, ensuring that the company's operational capacity does not decline."
AddInvestExpend,"[New Investment Expenditure] - Calculation formula: New investment expenditure = Total investment - Sustainable investment = Expected new investment (i.e., normal investment amount) + Unexpected investment (i.e., under-investment or over-investment, also known as inefficient investment)."
GrowthOpportunity,[Growth Opportunities] - Calculation formula: Tobin's Q = Market value / Total assets. Market value = RMB ordinary A-shares * Current closing price of A-shares at the end of the current period + Domestic listed foreign capital B-shares * Current closing price of B-shares at the end of the current period * The exchange rate on that day + (Total number of shares - RMB ordinary A-shares - Domestic listed foreign capital B-shares) * (Total owner's equity ending value / Ending balance of paid-in capital in the current period) + Total liabilities ending value in the current period.
FinLeverageRatio,"[Financial Leverage Ratio] - Calculation formula: Asset-liability ratio = Total liabilities / Total assets. If the numerator is empty, the result is empty; if the numerator is 0, the result is 0; if the denominator is empty or 0, the result is empty."
CashFlowStatus,[Cash Flow Situation] - Calculation formula: Net cash flow from operating activities / Total assets at the beginning of the period.
ListingAge,[Company Age] - Calculation formula: Company's listing years = Observation year (current statistical cutoff date) - IPO year.
AssetSize,[Asset Scale] - The natural logarithm of total assets at the end of the year.
StockYield,[Stock Return Rate] - Annual individual stock return rate considering the reinvestment of cash dividends.
InefficInvestDegree,"[Degree of Inefficient Investment] - Reflects the degree of the company's inefficient investment. For the specific algorithm, please refer to the ""Degree of Inefficient Investment"" in the instructions."
InefficInvestSign,"[Inefficient Investment Indicator] - 0: Under-investment; 1: Over-investment. Judged according to the residuals calculated by the inefficient investment model, if the value is > 0, it is over-investment, and the higher the value, the more serious the over-investment; if the value is < 0, it is under-investment, and the larger the value, the more serious the under-investment."
nodeID,ID code of all nodes 
Year,Year
Label,"labels of target nodes, 1 means fraud, 0 means normal"